nom,ville,age,salaire,depenses
id1,ville1,-1.2717948717948717,-1.524024171157929,-1.0344827586206897
id2,ville2,1.035897435897436,0.01411073003429715,-1.793103448275862
id3,ville2,-0.8615384615384614,-0.17697207251347355,-0.6206896551724138
id4,ville3,1.1384615384615386,-1.5063857586150577,-1.6551724137931034
id5,ville2,0.8820512820512822,1.802123142250531,0.41379310344827586
id6,ville4,0.21538461538461554,0.30579781153029584,0.8275862068965517
id7,ville2,-1.528205128205128,0.09054385105340543,0.0
id8,ville2,-0.7589743589743588,-1.194120529152376,0.20689655172413793
id9,ville5,1.4974358974358977,-1.134672546137514,-1.2413793103448276
id10,ville2,1.3435897435897437,-1.1186673199412052,-0.20689655172413793
id11,ville6,0.47179487179487195,-1.1405520169851378,-1.3793103448275863
id12,ville2,-0.39999999999999986,-1.050073493385595,-0.13793103448275862
id13,ville2,-1.2205128205128204,-1.1666829985301321,-1.2413793103448276
id14,ville2,1.2410256410256413,0.7549240568348851,-0.7586206896551724
id15,ville7,-0.09230769230769216,-0.007773967009635562,-0.3448275862068966
id16,ville8,-0.5538461538461537,-0.1420218846970437,0.5517241379310345
id17,ville5,-0.5538461538461537,0.06277968316184901,0.27586206896551724
id18,ville6,-1.4769230769230768,-0.20114323044259327,-1.0344827586206897
id19,ville2,-0.6564102564102563,0.7016821819369592,0.20689655172413793
id20,ville2,-0.14358974358974344,0.3113506451086071,0.0
id21,ville2,1.5487179487179488,-1.0745712885840273,-1.0344827586206897
id22,ville2,-0.605128205128205,-0.3033806957373834,-1.3103448275862069
id23,ville9,-0.8615384615384614,0.312003919647232,-0.27586206896551724
id24,ville4,-1.323076923076923,0.22838477870325027,1.0344827586206897
id25,ville2,0.6769230769230771,0.8483423158582397,-0.13793103448275862
id26,ville10,0.8307692307692309,-0.3549893842887471,-0.9655172413793104
id27,ville2,-0.09230769230769216,1.2135227829495348,0.896551724137931
id28,ville10,0.6769230769230771,0.17089661930426286,0.06896551724137931
id29,ville2,-1.1179487179487178,-0.3360444226686263,-0.27586206896551724
id30,ville9,1.2923076923076924,-1.0778376612771514,-0.41379310344827586
id31,ville11,0.9333333333333335,1.3245794545157605,2.9655172413793105
id32,ville2,0.26666666666666683,-0.2311938592193367,-1.5862068965517242
id33,ville11,0.9846153846153848,0.49034786869181796,0.7586206896551724
id34,ville2,1.6512820512820514,-0.8380859056018289,-0.41379310344827586
id35,ville12,1.035897435897436,0.8450759431651154,-0.13793103448275862
id36,ville6,-0.09230769230769216,-0.7629593336599704,-0.4827586206896552
id37,ville11,1.4461538461538463,-0.2782296260003264,0.20689655172413793
id38,ville6,-0.3487179487179486,-0.9350971745876202,-0.41379310344827586
id39,ville3,1.035897435897436,0.37341172627796854,0.6206896551724138
id40,ville6,0.8820512820512822,-1.0536665033480317,-0.7586206896551724
id41,ville6,-1.3743589743589741,1.537546954107464,1.2413793103448276
id42,ville1,-1.169230769230769,-0.5911481300016329,-0.8275862068965517
id43,ville2,1.4974358974358977,-1.627894822799281,-2.206896551724138
id44,ville9,-0.6564102564102563,-2.926604605585497,-2.6206896551724137
id45,ville2,0.8820512820512822,-0.3422505307855624,-0.6206896551724138
id46,ville2,1.4461538461538463,0.12026784256083643,-0.27586206896551724
id47,ville2,0.16410256410256424,-0.15737383635472785,0.27586206896551724
id48,ville13,1.0871794871794873,-0.6345908868201859,-1.4482758620689655
id49,ville13,-0.7589743589743588,-2.4987097827862157,-2.206896551724138
id50,ville2,-0.8102564102564102,0.2538624857096197,-0.13793103448275862
id51,ville1,1.18974358974359,-0.24687244814633325,0.06896551724137931
id52,ville14,0.8307692307692309,-1.6974685611628284,-0.896551724137931
id53,ville2,-1.1179487179487178,-2.0780009799118075,-1.6551724137931034
id54,ville8,1.2410256410256413,-1.0611791605422176,-0.9655172413793104
id55,ville2,-0.246153846153846,1.438575861505798,1.8620689655172413
id56,ville2,0.3179487179487181,-1.6040503021394739,0.20689655172413793
id57,ville2,0.3179487179487181,-0.7600195982361585,0.41379310344827586
id58,ville2,0.3179487179487181,0.12353421525396072,-0.20689655172413793
id59,ville2,1.3435897435897437,-0.7022048015678587,-1.5172413793103448
id60,ville2,-0.19487179487179473,0.15685121672382843,-0.7586206896551724
id61,ville2,0.16410256410256424,0.9910828025477709,1.3103448275862069
id62,ville9,1.18974358974359,1.4585007349338561,1.1724137931034482
id63,ville2,0.8307692307692309,0.9809570471990856,1.1724137931034482
id64,ville15,0.8307692307692309,1.648930262943002,0.896551724137931
id65,ville2,-0.964102564102564,-0.29619467581250997,-0.27586206896551724
id66,ville8,-0.8102564102564102,1.6822472644128696,1.5862068965517242
id67,ville2,-1.4256410256410255,-0.6107463661603787,-0.7586206896551724
id68,ville6,-0.5025641025641024,-0.31807937285644267,-1.1724137931034482
id69,ville2,0.4205128205128207,-1.0210027764167888,-0.27586206896551724
id70,ville13,0.26666666666666683,1.551265719418586,-0.13793103448275862
id71,ville2,-0.29743589743589727,0.01411073003429715,-0.20689655172413793
id72,ville6,-1.169230769230769,-0.17370569982034925,-0.20689655172413793
id73,ville2,-0.964102564102564,0.8581414339376126,0.27586206896551724
id74,ville2,-0.5025641025641024,-1.6145026947574717,-0.27586206896551724
id75,ville2,1.753846153846154,0.28521966356361284,-0.7586206896551724
id76,ville2,0.47179487179487195,0.6863302302792751,2.1379310344827585
id77,ville10,1.3435897435897437,-0.13026294300179628,0.06896551724137931
id78,ville9,1.2410256410256413,-1.3554793401927157,0.20689655172413793
id79,ville2,-0.7589743589743588,0.8346235505471177,0.0
id80,ville2,-1.4769230769230768,0.45115139637432655,0.5517241379310345
id81,ville5,0.4205128205128207,1.6737546954107465,1.0344827586206897
id82,ville2,1.5487179487179488,0.14117262779683185,-0.27586206896551724
id83,ville2,-0.09230769230769216,0.7180140454025806,0.6896551724137931
id84,ville2,1.6512820512820514,1.1383962110076762,2.4827586206896552
id85,ville11,0.010256410256410402,-0.48695084109096826,-0.13793103448275862
id86,ville13,0.7282051282051284,0.3064510860689207,1.0344827586206897
id87,ville2,0.8307692307692309,0.8277641678915567,0.20689655172413793
id88,ville2,1.5487179487179488,2.0389351625020415,2.6206896551724137
id89,ville5,-0.29743589743589727,-1.2450759431651148,-1.5862068965517242
id90,ville10,0.11282051282051296,-0.49283031193859195,-0.3448275862068966
id91,ville8,-1.0153846153846153,1.748881267352605,-0.13793103448275862
id92,ville2,1.035897435897436,0.4109750122488978,0.41379310344827586
id93,ville6,-1.5794871794871794,0.23459088682018642,-0.27586206896551724
id94,ville14,-1.5794871794871794,-1.242136207741303,-1.0344827586206897
id95,ville11,1.1384615384615386,-0.257324840764331,-0.13793103448275862
id96,ville8,-0.39999999999999986,0.44527192552670286,-0.41379310344827586
id97,ville2,0.11282051282051296,0.3727584517393437,-0.27586206896551724
id98,ville2,-0.8102564102564102,0.05918667319941229,-0.3448275862068966
id99,ville14,1.4461538461538463,-1.0360280908051607,-0.4827586206896552
id100,ville10,1.4974358974358977,0.2718275355218033,0.5517241379310345
id101,ville2,0.8307692307692309,-1.6876694430834556,-0.6896551724137931
id102,ville2,-1.3743589743589741,-0.04664380205781456,-0.4827586206896552
id103,ville9,-0.6564102564102563,0.11732810713702457,1.103448275862069
id104,ville7,-0.246153846153846,2.096096684631717,1.3793103448275863
id105,ville11,1.753846153846154,-0.6522292993630571,0.5517241379310345
id106,ville12,0.7282051282051284,0.6154499428384781,0.06896551724137931
id107,ville10,0.8820512820512822,0.6455005716152216,1.3793103448275863
id108,ville2,-0.5538461538461537,0.3727584517393437,0.6896551724137931
id109,ville2,1.5487179487179488,-0.060689204638248985,0.9655172413793104
id110,ville10,-1.4769230769230768,0.7496978605258863,1.5172413793103448
id111,ville11,0.3179487179487181,0.25418912297893215,-0.27586206896551724
id112,ville2,-0.8615384615384614,1.0168871468234528,0.896551724137931
id113,ville12,0.9333333333333335,0.41783439490445884,-1.5172413793103448
id114,ville2,0.36923076923076936,-0.16651967989547584,0.3448275862068966
id115,ville11,0.26666666666666683,-0.646023191246121,-0.06896551724137931
id116,ville11,-1.528205128205128,0.8460558549730527,-0.7586206896551724
id117,ville2,-0.4512820512820511,1.2543524416135883,0.27586206896551724
id118,ville1,1.6512820512820514,0.029462681691981293,-0.41379310344827586
id119,ville12,-0.4512820512820511,-0.0345582230932547,-1.103448275862069
id120,ville2,-0.246153846153846,0.07943818389678287,-0.27586206896551724
id121,ville2,-0.5025641025641024,0.309717458762045,-0.27586206896551724
id122,ville2,0.9333333333333335,-0.6515760248244322,0.20689655172413793
id123,ville9,-0.8102564102564102,-1.3871631553160213,-1.3103448275862069
id124,ville11,-1.169230769230769,0.6886166911644621,-0.896551724137931
id125,ville2,1.4461538461538463,0.5546954107463664,0.4827586206896552
id126,ville3,-0.19487179487179473,0.6396211007675978,0.6896551724137931
id127,ville9,-0.4512820512820511,-0.3709946104850561,-0.20689655172413793
id128,ville9,0.26666666666666683,-0.26483749795851685,1.1724137931034482
id129,ville2,-1.2205128205128204,-0.18938428874734584,-0.3448275862068966
id130,ville16,0.9846153846153848,0.9466601339212807,-0.06896551724137931
id131,ville10,0.010256410256410402,0.12484076433121043,0.06896551724137931
id132,ville2,0.06153846153846169,0.3750449126245307,-0.9655172413793104
id133,ville2,-0.605128205128205,0.19474113996407014,0.6206896551724138
id134,ville2,-1.0153846153846153,-0.3595623060591211,0.3448275862068966
id135,ville2,-0.19487179487179473,0.2447166421688717,-1.1724137931034482
id136,ville5,0.3179487179487181,0.35740650008165953,-0.6206896551724138
id137,ville11,1.2410256410256413,-0.0711415972562467,0.20689655172413793
id138,ville5,-1.0153846153846153,-0.03521149763187956,0.06896551724137931
id139,ville2,-0.5025641025641024,1.1103054058468074,0.4827586206896552
id140,ville4,-0.605128205128205,-0.7348685284991016,-0.7586206896551724
id141,ville17,-0.8615384615384614,-0.8377592683325165,-1.3793103448275863
id142,ville2,-0.8102564102564102,0.231977788665687,-0.6206896551724138
id143,ville2,-0.14358974358974344,1.2213620774130332,1.0344827586206897
id144,ville2,1.3435897435897437,-0.3798138167564917,-0.13793103448275862
id145,ville13,-0.09230769230769216,-0.27430997876857727,-0.41379310344827586
id146,ville2,-0.9128205128205127,0.1934345908868204,1.5172413793103448
id147,ville2,-1.0666666666666664,1.141335946431488,2.206896551724138
id148,ville2,-0.964102564102564,-0.23805324187489768,0.6896551724137931
id149,ville4,-0.8102564102564102,-0.47551853666503324,-0.20689655172413793
id150,ville18,1.6,-0.20081659317328082,-0.7586206896551724
id151,ville2,-1.0666666666666664,1.1142250530785565,1.1724137931034482
id152,ville7,-1.169230769230769,0.09740323370896643,0.06896551724137931
id153,ville9,0.8307692307692309,-0.18350481789972212,0.6896551724137931
id154,ville2,-0.964102564102564,-1.0582394251184057,-0.896551724137931
id155,ville2,0.5230769230769232,-0.03161848766944285,-0.27586206896551724
id156,ville11,0.16410256410256424,0.6301486199575373,0.06896551724137931
id157,ville6,-1.1179487179487178,-0.469965703086722,-1.3793103448275863
id158,ville10,-0.246153846153846,-2.408231259186673,-1.3793103448275863
id159,ville18,0.5230769230769232,-0.4278294953454187,-1.7241379310344827
id160,ville19,-1.4256410256410255,-1.386183243508084,-1.0344827586206897
id161,ville20,-0.04102564102564088,-1.6977951984321409,-1.1724137931034482
id162,ville13,0.16410256410256424,1.5156622570635312,0.9655172413793104
id163,ville17,0.9846153846153848,-1.0641188959660295,-0.7586206896551724
id164,ville10,0.06153846153846169,0.9509064184223422,-0.20689655172413793
id165,ville10,-1.4769230769230768,-0.36576841417605727,-0.13793103448275862
id166,ville2,-0.8615384615384614,0.4550710436060757,0.9655172413793104
id167,ville2,-0.29743589743589727,0.5099461048505637,-0.9655172413793104
id168,ville3,-0.7589743589743588,-1.5579944471664215,-2.8275862068965516
id169,ville4,-1.2205128205128204,0.3636126081985957,0.6896551724137931
id170,ville2,1.2923076923076924,0.9048505634492898,0.6206896551724138
id171,ville1,1.18974358974359,-0.3425771680548748,0.27586206896551724
id172,ville2,1.6512820512820514,0.7065817409766457,0.0
id173,ville5,-0.14358974358974344,-0.13483586477217027,0.0
id174,ville2,0.11282051282051296,-1.6863628940062059,-0.5517241379310345
id175,ville2,0.9333333333333335,1.5267679242201537,1.2413793103448276
id176,ville2,0.9846153846153848,0.7467581251020744,1.0344827586206897
id177,ville2,-1.4256410256410255,1.2011105667156625,0.13793103448275862
id178,ville2,1.18974358974359,-0.2968479503511348,0.5517241379310345
id179,ville15,0.5230769230769232,-0.3801404540258041,-0.06896551724137931
id180,ville2,1.753846153846154,-0.8733627306875712,-1.103448275862069
id181,ville19,-1.0666666666666664,2.1156949207904625,2.3448275862068964
id182,ville2,0.26666666666666683,0.4175077576351464,-0.20689655172413793
id183,ville16,1.4974358974358977,0.22054548423975198,0.5517241379310345
id184,ville2,-1.6307692307692305,0.03730197615547958,0.13793103448275862
id185,ville15,-0.19487179487179473,-0.7093908214927321,0.5517241379310345
id186,ville1,1.4974358974358977,0.20160052261963113,0.06896551724137931
id187,ville20,0.11282051282051296,-1.0020578147966681,-0.3448275862068966
id188,ville2,-0.39999999999999986,-0.11883063857586126,1.793103448275862
id189,ville2,1.6512820512820514,-0.25699820349501856,-1.103448275862069
id190,ville6,0.5743589743589745,-0.8230605912134572,-0.06896551724137931
id191,ville2,-0.605128205128205,-0.11393107953617485,-0.6206896551724138
id192,ville10,-0.9128205128205127,-1.3045239261799768,-1.4482758620689655
id193,ville3,-1.5794871794871794,-0.419663563612608,-0.41379310344827586
id194,ville2,0.010256410256410402,-0.140715335619794,-0.5517241379310345
id195,ville2,0.26666666666666683,-1.382263596276335,-0.27586206896551724
id196,ville6,-1.5794871794871794,-0.12438347215417256,0.41379310344827586
id197,ville2,-0.4512820512820511,-1.283292503674669,-1.4482758620689655
id198,ville2,-1.2205128205128204,1.3314388371713215,-0.27586206896551724
id199,ville10,-0.7589743589743588,1.3428711415972565,0.20689655172413793
id200,ville2,-0.605128205128205,-0.2576514780336434,-0.896551724137931
id201,ville2,1.2923076923076924,0.23361097501224914,0.8275862068965517
id202,ville8,-0.7076923076923075,-0.9066797321574389,-0.9655172413793104
id203,ville8,-1.528205128205128,-0.2877021068103868,0.13793103448275862
id204,ville2,-0.7589743589743588,-0.0528499101747507,-1.103448275862069
id205,ville13,-0.8102564102564102,-0.2681038706516411,-1.103448275862069
id206,ville2,-1.3743589743589741,0.8026130981544997,-0.27586206896551724
id207,ville2,-1.2717948717948717,-1.7788012412216232,-0.896551724137931
id208,ville7,-0.3487179487179486,0.18657520823125942,0.6896551724137931
id209,ville10,-0.7076923076923075,-0.04991017475093885,0.13793103448275862
id210,ville5,-0.39999999999999986,0.46846317164788526,0.3448275862068966
id211,ville9,0.9333333333333335,0.44755838641188983,0.896551724137931
id212,ville2,-1.2205128205128204,-0.2782296260003264,0.41379310344827586
id213,ville9,0.8820512820512822,-1.3881430671239585,-0.9655172413793104
id214,ville2,0.7794871794871796,-1.0249224236485381,0.20689655172413793
id215,ville2,1.394871794871795,0.9293483586477219,1.5172413793103448
id216,ville20,0.8307692307692309,-1.194120529152376,-0.6206896551724138
id217,ville2,-1.0666666666666664,0.8372366487016171,-0.3448275862068966
id218,ville3,0.11282051282051296,0.9489465948064677,1.103448275862069
id219,ville5,1.6512820512820514,1.7413686101584194,1.7241379310344827
id220,ville2,-0.8102564102564102,0.5543687734770539,-0.41379310344827586
id221,ville2,-0.8615384615384614,-0.9720071860199246,-1.103448275862069
id222,ville2,-1.0666666666666664,-0.06787522456312241,-0.5517241379310345
id223,ville20,1.4461538461538463,-0.19951004409603112,-0.06896551724137931
id224,ville6,0.9333333333333335,-0.8485382982198266,-0.6206896551724138
id225,ville20,0.21538461538461554,-1.5975175567532254,-1.2413793103448276
id226,ville2,-0.29743589743589727,0.860754532092112,1.4482758620689655
id227,ville19,1.4974358974358977,-0.5908214927323205,0.7586206896551724
id228,ville6,1.6512820512820514,0.17775600195982386,0.41379310344827586
id229,ville2,-0.246153846153846,-0.9644945288257388,-0.9655172413793104
id230,ville15,-1.3743589743589741,-0.12993630573248383,-0.20689655172413793
id231,ville2,-0.39999999999999986,-0.12275028580761041,0.0
id232,ville2,0.36923076923076936,-1.8081985954597417,-1.103448275862069
id233,ville2,0.26666666666666683,0.0023517883390497232,-0.13793103448275862
id234,ville21,-0.19487179487179473,1.111611954924057,2.8275862068965516
id235,ville9,-1.6307692307692305,0.11569492079046242,-0.4827586206896552
id236,ville16,-0.9128205128205127,-0.2494855463008327,-0.5517241379310345
id237,ville2,0.3179487179487181,1.8762698023844524,1.7241379310344827
id238,ville14,1.0871794871794873,0.8940715335619797,0.8275862068965517
id239,ville4,0.7282051282051284,-1.1059284664380202,-0.06896551724137931
id240,ville2,-1.6307692307692305,0.3162502041482936,-0.20689655172413793
id241,ville2,-1.5794871794871794,-0.022799281398007274,0.3448275862068966
id242,ville2,1.4974358974358977,2.266927976482117,1.0344827586206897
id243,ville4,0.010256410256410402,0.23459088682018642,0.20689655172413793
id244,ville4,-0.6564102564102563,2.110142087212151,1.8620689655172413
id245,ville2,-0.6564102564102563,1.9464968152866244,1.793103448275862
id246,ville10,1.18974358974359,1.2282214600685941,-0.06896551724137931
id247,ville5,-0.8102564102564102,0.4230605912134577,0.6206896551724138
id248,ville2,-0.6564102564102563,0.6562796015025317,-0.6896551724137931
id249,ville13,-0.8102564102564102,0.5514290380532421,0.0
id250,ville2,0.9333333333333335,1.8697370569982037,0.5517241379310345
id251,ville2,-0.14358974358974344,-0.15770047362404027,-0.27586206896551724
id252,ville1,0.47179487179487195,0.7176874081332683,-0.20689655172413793
id253,ville6,-1.2205128205128204,1.2109096847950354,-0.06896551724137931
id254,ville2,-1.2205128205128204,0.2447166421688717,-0.3448275862068966
id255,ville2,-1.528205128205128,0.2989384288747348,0.20689655172413793
id256,ville11,-1.169230769230769,-1.2081659317328104,-1.103448275862069
id257,ville1,-1.2717948717948717,1.2432467744569657,-1.1724137931034482
id258,ville2,0.6256410256410257,-0.23413359464314853,-0.4827586206896552
id259,ville5,1.1384615384615386,1.4555609995100443,1.1724137931034482
id260,ville2,-0.19487179487179473,-0.4163971909194837,1.2413793103448276
id261,ville2,-1.6307692307692305,1.4754858729381024,0.13793103448275862
id262,ville2,-0.14358974358974344,-0.5277804997550218,-0.9655172413793104
id263,ville17,1.2923076923076924,1.4023191246121185,0.9655172413793104
id264,ville11,0.26666666666666683,0.16959007022701314,1.3793103448275863
id265,ville17,-0.5025641025641024,0.6680385431977791,0.9655172413793104
id266,ville2,-0.19487179487179473,-0.8687898089171973,-1.5862068965517242
id267,ville2,-1.0666666666666664,-1.537089661930426,-1.2413793103448276
id268,ville2,1.1384615384615386,-0.2279274865262124,0.20689655172413793
id269,ville13,0.21538461538461554,0.5275845173934348,-0.896551724137931
id270,ville2,1.3435897435897437,1.5401600522619634,-0.13793103448275862
id271,ville2,-1.1179487179487178,-0.3775273558713047,-0.8275862068965517
id272,ville2,-0.04102564102564088,1.2308345582230935,0.7586206896551724
id273,ville2,0.010256410256410402,0.25778213294136887,1.793103448275862
id274,ville2,-1.4769230769230768,0.924775436877348,-0.13793103448275862
id275,ville2,-1.4256410256410255,-0.6492895639392452,-0.896551724137931
id276,ville14,-1.3743589743589741,0.3717785399314064,1.6551724137931034
id277,ville14,0.9846153846153848,-0.17337906255103683,-0.6206896551724138
id278,ville18,-1.1179487179487178,1.320333170014699,0.6896551724137931
id279,ville2,1.5487179487179488,-0.02377919320594456,0.20689655172413793
id280,ville2,1.6512820512820514,-0.6466764657847458,-1.9310344827586208
id281,ville19,-0.14358974358974344,-1.5642005552833576,-0.7586206896551724
id282,ville10,0.5230769230769232,-0.04435734117262756,0.0
id283,ville14,0.7282051282051284,0.810452392617998,-0.13793103448275862
id284,ville5,-1.3743589743589741,0.8738200228646091,-0.06896551724137931
id285,ville2,1.4974358974358977,1.3556099951004412,1.5862068965517242
id286,ville2,-0.04102564102564088,-1.315302956067287,0.5517241379310345
id287,ville2,1.7025641025641027,1.1788992324024175,1.5862068965517242
id288,ville2,-0.246153846153846,1.2089498611791607,1.1724137931034482
id289,ville7,-0.6564102564102563,-0.7734117262779681,-1.103448275862069
id290,ville2,-0.8615384615384614,1.2942021884697046,0.3448275862068966
id291,ville6,-1.4769230769230768,-0.14463498285154314,0.3448275862068966
id292,ville4,1.4461538461538463,0.9090968479503514,0.41379310344827586
id293,ville10,-0.7589743589743588,-1.2323370896619301,-1.3103448275862069
id294,ville2,-1.169230769230769,-1.40447493058958,-0.13793103448275862
id295,ville2,-0.8102564102564102,-0.2027764167891554,0.06896551724137931
id296,ville2,1.753846153846154,0.2532092111709949,1.793103448275862
id297,ville2,-0.19487179487179473,0.8953780826392294,0.6206896551724138
id298,ville8,-0.964102564102564,-1.549175240894986,-1.3103448275862069
id299,ville6,0.010256410256410402,-1.1317328107137021,-0.7586206896551724
id300,ville11,-1.169230769230769,0.3910501388208397,0.41379310344827586
id301,ville2,1.5487179487179488,-2.394512493875551,-1.7241379310344827
id302,ville9,-0.9128205128205127,-1.1493712232565734,-1.7241379310344827
id303,ville2,1.2923076923076924,1.4144047035766782,2.0
id304,ville2,0.8820512820512822,-0.19167074963253283,1.103448275862069
id305,ville2,-0.5538461538461537,-0.4291360444226684,-0.20689655172413793
id306,ville6,0.3179487179487181,-0.37262779683161823,0.0
id307,ville16,0.7794871794871796,-0.3001143230442591,-0.20689655172413793
id308,ville13,-0.5025641025641024,-2.0260656540911315,-1.103448275862069
id309,ville2,-0.605128205128205,-1.0513800424628448,-1.4482758620689655
id310,ville2,-0.7076923076923075,-0.16096684631716454,-0.5517241379310345
id311,ville4,-1.3743589743589741,0.06669933039359814,-1.0344827586206897
id312,ville2,0.3179487179487181,0.7843214110730037,0.27586206896551724
id313,ville18,-1.323076923076923,0.9094234852196638,0.6896551724137931
id314,ville13,0.47179487179487195,-0.6881593989874242,-1.2413793103448276
id315,ville18,0.4205128205128207,0.24994283847787055,1.7241379310344827
id316,ville1,-0.6564102564102563,-0.15182100277641655,-0.896551724137931
id317,ville2,-0.5538461538461537,-0.6528825739016819,0.6896551724137931
id318,ville13,-0.09230769230769216,-0.31775273558713024,-0.3448275862068966
id319,ville2,-1.5794871794871794,-0.515694920790462,-0.9655172413793104
id320,ville4,-1.4769230769230768,0.43416625837008027,0.13793103448275862
id321,ville3,-1.5794871794871794,-1.0030377266046053,-1.7241379310344827
id322,ville12,-1.0666666666666664,1.175632859709293,0.9655172413793104
id323,ville10,0.36923076923076936,-0.11621754042136184,0.3448275862068966
id324,ville13,1.2410256410256413,0.9992487342805817,1.7241379310344827
id325,ville2,1.3435897435897437,0.4459252000653277,0.0
id326,ville3,0.7282051282051284,0.083357831128532,-1.0344827586206897
id327,ville5,-1.2717948717948717,-0.11523762861342456,-0.4827586206896552
id328,ville2,0.5230769230769232,-0.2932549403886981,-0.6896551724137931
id329,ville10,-1.169230769230769,1.4846317164788505,0.27586206896551724
id330,ville2,1.18974358974359,-0.00810060427894799,0.6896551724137931
id331,ville16,-0.6564102564102563,-0.4624530458925361,1.1724137931034482
id332,ville5,-1.4769230769230768,0.5181120365833743,-0.27586206896551724
id333,ville1,-1.2717948717948717,0.7314061734443903,0.27586206896551724
id334,ville3,-0.3487179487179486,-1.1062551037073327,-0.41379310344827586
id335,ville2,-1.2205128205128204,-0.6264249550873753,-0.896551724137931
id336,ville2,0.7282051282051284,1.4441286950841092,1.5862068965517242
id337,ville2,-0.3487179487179486,0.5494692144373675,0.27586206896551724
id338,ville2,1.1384615384615386,1.3229462681691984,0.20689655172413793
id339,ville2,0.26666666666666683,-0.03161848766944285,0.5517241379310345
id340,ville2,-0.8615384615384614,0.21401273885350341,0.20689655172413793
id341,ville2,-1.169230769230769,0.9286950841090971,-0.6896551724137931
id342,ville2,1.6512820512820514,-1.1510044096031355,-2.4827586206896552
id343,ville2,-1.6307692307692305,-0.9445696553976807,-1.0344827586206897
id344,ville10,0.9333333333333335,-0.3128531765474438,0.4827586206896552
id345,ville2,1.18974358974359,-0.04305079209537784,-0.6896551724137931
id346,ville2,-1.2717948717948717,-2.14822799281398,-1.5172413793103448
id347,ville12,-1.0666666666666664,-1.1686428221460066,-1.4482758620689655
id348,ville2,1.035897435897436,0.7300996243671405,1.8620689655172413
id349,ville17,0.36923076923076936,0.23067123958843727,-0.06896551724137931
id350,ville2,1.4974358974358977,-1.1660297239915072,-2.6206896551724137
id351,ville2,0.8307692307692309,-0.23021394741139942,-0.3448275862068966
id352,ville7,0.36923076923076936,-0.9210517720071858,-0.4827586206896552
id353,ville2,-1.1179487179487178,0.31069737056998226,-0.20689655172413793
id354,ville6,-1.169230769230769,0.1555446676465787,0.13793103448275862
id355,ville2,-0.5025641025641024,-1.418846970439327,-0.9655172413793104
id356,ville8,1.0871794871794873,-1.0308018944961617,-0.8275862068965517
id357,ville2,0.3179487179487181,0.30579781153029584,0.9655172413793104
id358,ville2,1.5487179487179488,0.15750449126245328,0.20689655172413793
id359,ville11,1.6512820512820514,0.5478360280908054,1.3103448275862069
id360,ville4,1.0871794871794873,0.6425608361914097,0.5517241379310345
id361,ville19,0.36923076923076936,0.5083129185040015,0.41379310344827586
id362,ville2,-0.6564102564102563,1.7384288747346075,1.4482758620689655
id363,ville2,-1.528205128205128,-0.4634329577004734,-0.6896551724137931
id364,ville16,0.16410256410256424,0.32539604768904157,0.9655172413793104
id365,ville2,0.4205128205128207,0.1258206761391477,0.4827586206896552
id366,ville21,1.18974358974359,-0.61629919973869,-0.7586206896551724
id367,ville2,0.3179487179487181,-0.7436877347705371,-0.6206896551724138
id368,ville6,0.5743589743589745,0.360019598236159,-0.7586206896551724
id369,ville2,-1.4256410256410255,-0.004180957047198848,0.06896551724137931
id370,ville2,0.9333333333333335,0.30612444879960826,0.41379310344827586
id371,ville2,1.4461538461538463,-0.3216723828188794,1.1724137931034482
id372,ville2,0.010256410256410402,-0.17697207251347355,-0.7586206896551724
id373,ville1,0.7794871794871796,1.2824432467744573,0.5517241379310345
id374,ville2,0.7794871794871796,-1.1973869018455003,0.6896551724137931
id375,ville6,-1.323076923076923,-0.2383798791442101,-1.1724137931034482
id376,ville2,-1.4769230769230768,-1.8536011758941693,-0.5517241379310345
id377,ville6,0.16410256410256424,0.46029723991507454,0.3448275862068966
id378,ville2,-1.2205128205128204,-0.10837824595786355,0.06896551724137931
id379,ville2,0.3179487179487181,1.5617181120365835,-0.13793103448275862
id380,ville2,-1.5794871794871794,-2.634917524089498,-2.2758620689655173
id381,ville2,0.5743589743589745,-0.7338886166911642,-0.6206896551724138
id382,ville2,-0.14358974358974344,0.03828188796341686,0.6896551724137931
id383,ville2,-1.4769230769230768,0.09152376286134271,-0.20689655172413793
id384,ville3,1.2410256410256413,-0.8139147476727092,-0.27586206896551724
id385,ville2,0.010256410256410402,0.3890903152049651,1.3793103448275863
id386,ville11,-0.19487179487179473,0.13202678425608386,0.6206896551724138
id387,ville7,-0.14358974358974344,1.7070716968806143,1.7241379310344827
id388,ville18,-0.246153846153846,-0.3481300016331861,0.0
id389,ville2,0.010256410256410402,-0.09139310795361727,-0.20689655172413793
id390,ville11,1.7025641025641027,-1.1516576841417603,0.13793103448275862
id391,ville15,-1.6307692307692305,1.5195819042952803,0.41379310344827586
id392,ville2,1.7025641025641027,0.24536991670749655,-0.41379310344827586
id393,ville6,0.11282051282051296,0.8431161195492408,0.896551724137931
id394,ville2,0.21538461538461554,0.5481626653601178,-0.06896551724137931
id395,ville2,0.16410256410256424,1.3739016821819372,0.4827586206896552
id396,ville5,1.18974358974359,-0.9938918830638573,-0.9655172413793104
id397,ville21,-1.3743589743589741,1.2638249224236489,1.6551724137931034
id398,ville2,-1.1179487179487178,1.4375959496978608,0.13793103448275862
id399,ville17,-0.04102564102564088,-0.31971255920300484,-0.3448275862068966
id400,ville2,0.36923076923076936,1.596994937122326,0.896551724137931
id401,ville2,0.7794871794871796,-0.9853993140617342,-1.3793103448275863
id402,ville10,-0.4512820512820511,-1.1075616527845824,-1.0344827586206897
id403,ville2,0.8820512820512822,-0.5516250204148291,-1.3103448275862069
id404,ville5,0.06153846153846169,-0.6045402580434425,0.5517241379310345
id405,ville2,-0.246153846153846,0.7003756328597095,1.2413793103448276
id406,ville4,1.4461538461538463,-0.7162502041482931,1.4482758620689655
id407,ville2,-0.6564102564102563,-0.05154336109750099,-0.6896551724137931
id408,ville16,0.11282051282051296,-0.7554466764657846,-2.1379310344827585
id409,ville2,-0.5538461538461537,0.04644781969622758,-1.0344827586206897
id410,ville2,0.010256410256410402,-0.554564755838641,-1.103448275862069
id411,ville11,-0.246153846153846,2.4279601502531443,2.413793103448276
id412,ville9,-1.0153846153846153,-0.2119222603299034,-1.3103448275862069
id413,ville5,0.4205128205128207,-0.49315694920790437,-0.5517241379310345
id414,ville2,0.9333333333333335,1.1619140943981712,0.6206896551724138
id415,ville10,-0.605128205128205,0.638967826228973,1.0344827586206897
id416,ville2,0.8820512820512822,-1.0464804834231582,0.9655172413793104
id417,ville6,0.21538461538461554,-2.4987097827862157,-1.5172413793103448
id418,ville3,1.2410256410256413,1.891948391311449,2.413793103448276
id419,ville18,-1.4256410256410255,-0.3562959333659968,0.27586206896551724
id420,ville16,-0.14358974358974344,1.4601339212804183,1.8620689655172413
id421,ville9,-1.4256410256410255,-0.7678588926996568,-1.3793103448275863
id422,ville15,-1.169230769230769,-0.24033970276008468,-1.9310344827586208
id423,ville2,0.26666666666666683,0.01868365180467115,0.5517241379310345
id424,ville2,0.8307692307692309,-0.5777560019598234,-0.13793103448275862
id425,ville2,1.5487179487179488,0.3750449126245307,1.5862068965517242
id426,ville2,-0.5025641025641024,-1.4048015678588925,-0.6896551724137931
id427,ville12,0.16410256410256424,0.6513800424628452,0.9655172413793104
id428,ville11,-1.323076923076923,-0.040764331210190845,-0.3448275862068966
id429,ville6,-0.14358974358974344,-0.9272578801241219,-1.1724137931034482
id430,ville13,-0.29743589743589727,-0.11556426588273698,-0.8275862068965517
id431,ville3,-1.1179487179487178,1.5009635799444718,0.7586206896551724
id432,ville2,1.753846153846154,-0.9707006369426749,0.8275862068965517
id433,ville6,-0.8615384615384614,-0.5708966193042624,-0.9655172413793104
id434,ville2,1.4974358974358977,0.9989220970112692,-0.13793103448275862
id435,ville10,-0.14358974358974344,0.9035440143720401,0.9655172413793104
id436,ville2,0.11282051282051296,-0.14136861015841884,0.20689655172413793
id437,ville11,-1.3743589743589741,-1.3956557243181444,-0.7586206896551724
id438,ville2,-1.323076923076923,0.5115792911971259,1.4482758620689655
id439,ville6,1.753846153846154,1.4882247264412871,0.3448275862068966
id440,ville6,1.035897435897436,0.5298709782786218,-0.8275862068965517
id441,ville14,-1.5794871794871794,-1.2983178180630408,0.13793103448275862
id442,ville2,0.11282051282051296,0.17318308018944986,0.27586206896551724
id443,ville12,0.47179487179487195,0.9662583700800264,0.06896551724137931
id444,ville10,0.6256410256410257,-2.389939572105177,-1.1724137931034482
id445,ville16,-0.09230769230769216,1.7727257880124125,0.4827586206896552
id446,ville20,0.6769230769230771,-0.5529315694920788,0.13793103448275862
id447,ville2,1.18974358974359,0.9642985464641518,-0.5517241379310345
id448,ville2,0.010256410256410402,-2.0038543197778864,-3.5172413793103448
id449,ville2,-1.0666666666666664,-3.0817573085089007,-1.6551724137931034
id450,ville2,0.36923076923076936,1.1348032010452396,0.0
id451,ville1,0.6256410256410257,0.017050465458109006,-0.41379310344827586
id452,ville6,0.36923076923076936,0.9202025151069739,-0.4827586206896552
id453,ville2,-1.0153846153846153,1.185431977788666,0.5517241379310345
id454,ville2,1.4974358974358977,2.2499428384778706,1.9310344827586208
id455,ville10,-0.09230769230769216,-0.8890413196145678,-2.413793103448276
id456,ville16,-1.0666666666666664,-1.037987914421035,-1.5862068965517242
id457,ville21,-0.29743589743589727,-0.08649354891393084,0.9655172413793104
id458,ville2,0.3179487179487181,0.7020088192062717,0.8275862068965517
id459,ville2,-0.14358974358974344,-1.794806467417932,-0.13793103448275862
id460,ville2,0.47179487179487195,0.9378409276498451,1.2413793103448276
id461,ville3,0.7794871794871796,0.5729870978278624,-0.06896551724137931
id462,ville2,0.16410256410256424,-3.126179977135391,-1.6551724137931034
id463,ville11,-0.8615384615384614,-1.6768904131961455,-1.6551724137931034
id464,ville2,1.4974358974358977,0.6445206598072842,0.13793103448275862
id465,ville2,-0.246153846153846,0.5893189612934838,2.6206896551724137
id466,ville3,-0.4512820512820511,0.2724808100604281,-0.7586206896551724
id467,ville2,1.0871794871794873,0.24569655397680898,-0.06896551724137931
id468,ville2,-0.8102564102564102,0.7111546627470197,1.2413793103448276
id469,ville11,-1.1179487179487178,1.7723991507431,1.0344827586206897
id470,ville2,0.010256410256410402,-0.5326800587947083,0.6206896551724138
id471,ville2,-1.1179487179487178,-0.08094071533561956,-0.3448275862068966
id472,ville9,-0.8102564102564102,-0.6496162012085577,-1.1724137931034482
id473,ville11,0.9846153846153848,1.390560182916871,1.2413793103448276
id474,ville2,1.3435897435897437,1.3889269965703088,0.7586206896551724
id475,ville18,-0.6564102564102563,-0.8547444063367627,-0.6896551724137931
id476,ville15,-0.14358974358974344,0.05526702596766315,0.5517241379310345
id477,ville2,-1.4769230769230768,-0.54770537318308,0.13793103448275862
id478,ville3,0.7282051282051284,-0.9713539114812998,0.6206896551724138
id479,ville13,-0.6564102564102563,1.0642495508737548,2.0
id480,ville2,-0.8615384615384614,-1.0275355218030375,-0.4827586206896552
id481,ville2,-0.29743589743589727,0.08629756655234386,-0.27586206896551724
id482,ville5,0.7282051282051284,-1.3355544667646575,-0.41379310344827586
id483,ville11,0.7794871794871796,-0.2795361750775761,-0.6896551724137931
id484,ville10,0.11282051282051296,0.18592193369263457,0.896551724137931
id485,ville11,-1.4256410256410255,1.2308345582230935,1.2413793103448276
id486,ville9,-0.5025641025641024,1.806696064020905,1.103448275862069
id487,ville2,-0.8102564102564102,-0.24001306549077225,-0.4827586206896552
id488,ville2,-1.1179487179487178,-0.9595949697860523,-0.5517241379310345
id489,ville4,-1.4256410256410255,1.215155969296097,-0.27586206896551724
id490,ville2,0.8307692307692309,-1.2225379715825573,-0.06896551724137931
id491,ville1,0.26666666666666683,-0.604866895312755,-0.41379310344827586
id492,ville2,-1.5794871794871794,-0.0414176057488157,0.896551724137931
id493,ville3,0.06153846153846169,-0.10674505961130142,0.13793103448275862
id494,ville2,-1.1179487179487178,-0.7560999510044094,-0.6896551724137931
id495,ville11,-0.9128205128205127,-0.4003919647231747,0.0
id496,ville18,-0.8615384615384614,-0.5209211170994608,-0.6896551724137931
id497,ville2,-0.29743589743589727,-0.015286624203821418,-0.20689655172413793
id498,ville4,0.6769230769230771,-0.08322717622080655,0.0
id499,ville2,-0.8102564102564102,1.0864608851870001,0.7586206896551724
id500,ville5,1.3435897435897437,-1.5504817899722356,-0.6206896551724138
id501,ville2,1.7025641025641027,0.3730850890086561,0.6206896551724138
id502,ville20,0.010256410256410402,0.9652784582720891,1.8620689655172413
id503,ville11,1.5487179487179488,0.12974032337089686,-0.13793103448275862
id504,ville3,-1.2205128205128204,1.905013882083946,0.9655172413793104
id505,ville12,0.5230769230769232,-2.0512167238281886,-1.6551724137931034
id506,ville2,0.5743589743589745,-0.328205128205128,0.4827586206896552
id507,ville17,-0.29743589743589727,-2.9978115302956065,-2.8275862068965516
id508,ville2,1.2923076923076924,0.568087538788176,1.4482758620689655
id509,ville19,-0.5025641025641024,0.9156295933366,0.8275862068965517
id510,ville18,-0.5025641025641024,1.3817409766454354,0.7586206896551724
id511,ville5,-1.5794871794871794,0.698415809243835,1.0344827586206897
id512,ville20,-1.6307692307692305,-0.48139800751265693,-1.0344827586206897
id513,ville17,1.6512820512820514,-0.7231095868038541,0.3448275862068966
id514,ville2,-0.8102564102564102,0.9433937612281563,0.41379310344827586
id515,ville2,-0.5025641025641024,-0.821427404866895,-0.13793103448275862
id516,ville2,1.3435897435897437,0.11275518536665058,0.9655172413793104
id517,ville10,0.7794871794871796,1.7479013555446679,0.896551724137931
id518,ville2,-0.246153846153846,0.14117262779683185,0.20689655172413793
id519,ville16,1.0871794871794873,-1.2084925690021229,-0.8275862068965517
id520,ville11,-0.09230769230769216,-1.6334476563775924,-0.9655172413793104
id521,ville10,1.035897435897436,-0.47911154662746996,0.06896551724137931
id522,ville20,1.4461538461538463,0.35152702923403584,1.3793103448275863
id523,ville6,-0.39999999999999986,1.0649028254123798,2.1379310344827585
id524,ville2,-1.528205128205128,-0.7985627960150251,-0.9655172413793104
id525,ville5,0.47179487179487195,1.5751102400783932,0.7586206896551724
id526,ville2,0.36923076923076936,1.100179650498122,-0.4827586206896552
id527,ville17,-0.5025641025641024,-0.5290870488322715,-0.5517241379310345
id528,ville6,1.2410256410256413,-0.2909684795035111,-0.4827586206896552
id529,ville2,-0.964102564102564,-0.6130328270455656,-1.3103448275862069
id530,ville10,1.6,0.32637595949697884,-0.06896551724137931
id531,ville13,-0.6564102564102563,1.6551363710599383,1.5862068965517242
id532,ville9,0.7282051282051284,-0.9478360280908049,-0.6206896551724138
id533,ville3,1.394871794871795,0.11144863628940085,0.4827586206896552
id534,ville9,1.6,0.501780173117753,0.13793103448275862
id535,ville2,-0.6564102564102563,-0.0414176057488157,-0.5517241379310345
id536,ville2,-0.964102564102564,-0.4686591540094722,-0.41379310344827586
id537,ville6,-0.4512820512820511,-1.0079372856442919,-0.4827586206896552
id538,ville11,0.8307692307692309,-0.8433121019108278,-0.06896551724137931
id539,ville2,-0.14358974358974344,0.090217213784093,1.2413793103448276
id540,ville2,1.18974358974359,-1.3603788992324022,-1.0344827586206897
id541,ville20,-1.2717948717948717,-1.0337416299199735,-0.896551724137931
id542,ville2,-0.5025641025641024,-0.0665686754858727,0.896551724137931
id543,ville19,-1.4256410256410255,-0.5330066960640206,-1.2413793103448276
id544,ville5,-0.964102564102564,-1.0549730524252814,-2.1379310344827585
id545,ville13,-0.39999999999999986,-0.5176547444063365,0.27586206896551724
id546,ville18,1.6512820512820514,-1.168969459415319,-0.5517241379310345
id547,ville4,-0.964102564102564,-0.10576514780336413,1.5862068965517242
id548,ville8,0.5743589743589745,0.11471500898252514,-0.6896551724137931
id549,ville5,-1.2205128205128204,2.596504981218357,1.6551724137931034
id550,ville2,-1.2205128205128204,-0.06460885186999812,1.4482758620689655
id551,ville2,0.26666666666666683,2.8565082475910506,1.9310344827586208
id552,ville2,-0.246153846153846,0.5145190266209377,0.9655172413793104
id553,ville2,0.9846153846153848,0.16763024661113857,1.103448275862069
id554,ville13,0.5743589743589745,-1.7987261146496814,-1.0344827586206897
id555,ville5,-1.3743589743589741,0.08237791932059471,-0.20689655172413793
id556,ville2,1.3435897435897437,-0.5973542381185691,-1.4482758620689655
id557,ville15,-1.5794871794871794,-0.6535358484403068,0.20689655172413793
id558,ville12,1.4461538461538463,0.4090151886330233,1.0344827586206897
id559,ville2,-0.9128205128205127,-0.0597092928303117,-1.0344827586206897
id560,ville2,0.47179487179487195,-1.5837987914421032,-1.1724137931034482
id561,ville4,-0.964102564102564,-1.6883227176220805,-1.793103448275862
id562,ville10,-0.6564102564102563,0.316576841417606,-0.5517241379310345
id563,ville2,0.9846153846153848,0.3100440960313574,-0.8275862068965517
id564,ville9,1.7025641025641027,1.1743263106320434,2.6206896551724137
id565,ville2,0.21538461538461554,-0.3651151396374324,0.4827586206896552
id566,ville6,1.0871794871794873,0.0637595949697863,-0.13793103448275862
id567,ville2,-0.7589743589743588,-0.8730360934182588,-0.06896551724137931
id568,ville19,1.753846153846154,-1.2035930099624366,-0.27586206896551724
id569,ville2,0.7794871794871796,1.1834721541727913,0.41379310344827586
id570,ville9,-0.29743589743589727,0.7078882900538954,0.06896551724137931
id571,ville2,0.9333333333333335,1.7351625020414831,0.7586206896551724
id572,ville2,0.7794871794871796,2.580173117752736,2.3448275862068964
id573,ville4,1.6512820512820514,1.1540747999346728,2.896551724137931
id574,ville4,-1.6307692307692305,-1.85098807773967,-1.1724137931034482
id575,ville2,1.2923076923076924,-0.7387881757308506,-0.5517241379310345
id576,ville2,-1.0153846153846153,0.45931732810713727,-0.27586206896551724
id577,ville9,1.7025641025641027,0.6350481789972238,0.41379310344827586
id578,ville13,-1.5794871794871794,-0.2494855463008327,-1.103448275862069
id579,ville7,0.16410256410256424,1.4780989710926018,1.5172413793103448
id580,ville2,0.010256410256410402,0.11504164625183758,0.06896551724137931
id581,ville6,0.5743589743589745,1.0466111383308838,0.896551724137931
id582,ville2,1.035897435897436,-1.3375142903805322,-0.6896551724137931
id583,ville13,-0.6564102564102563,-1.9780499755022045,-0.5517241379310345
id584,ville2,-1.0666666666666664,-0.7835374816266534,-0.13793103448275862
id585,ville9,0.8307692307692309,-0.6659480646741791,-0.41379310344827586
id586,ville2,0.16410256410256424,2.15031847133758,2.1379310344827585
id587,ville5,-0.09230769230769216,0.34238118569328785,0.0
id588,ville1,-1.4256410256410255,-0.6584354074799932,0.3448275862068966
id589,ville20,-1.323076923076923,0.6281887963416628,0.9655172413793104
id590,ville13,-0.7076923076923075,0.7281398007512659,1.3793103448275863
id591,ville6,1.1384615384615386,-0.6166258370080023,1.3793103448275863
id592,ville3,1.7025641025641027,-0.32134574554956696,-0.06896551724137931
id593,ville2,-0.19487179487179473,0.8708802874407973,0.20689655172413793
id594,ville9,-1.528205128205128,2.47042299526376,1.5172413793103448
id595,ville2,0.9846153846153848,-1.4061081169361422,-0.5517241379310345
id596,ville2,-1.0666666666666664,0.8440960313571781,0.8275862068965517
id597,ville2,-0.3487179487179486,0.8258043442756821,-0.8275862068965517
id598,ville13,0.7282051282051284,0.661832435080843,-0.3448275862068966
id599,ville1,-1.0153846153846153,0.7477380369100116,1.4482758620689655
id600,ville2,-0.6564102564102563,-0.4016985138004244,-0.5517241379310345
id601,ville2,-0.605128205128205,-0.5196145680222111,-1.4482758620689655
id602,ville2,1.2923076923076924,-0.7590396864282212,0.13793103448275862
id603,ville14,0.47179487179487195,-0.41149763187979727,-0.27586206896551724
id604,ville2,0.010256410256410402,0.9077902988731017,0.0
id605,ville10,1.6,-0.3546627470194347,0.3448275862068966
id606,ville9,-0.5025641025641024,-0.9716805487506122,-0.3448275862068966
id607,ville1,1.753846153846154,0.8957047199085418,0.8275862068965517
id608,ville10,-0.5025641025641024,-1.3130164951821,-1.4482758620689655
id609,ville2,1.0871794871794873,-0.9102727421198756,-0.8275862068965517
id610,ville16,0.7794871794871796,0.19049485546300857,0.0
id611,ville4,0.21538461538461554,0.6536665033480322,1.0344827586206897
id612,ville2,1.2923076923076924,0.4060754532092114,0.8275862068965517
id613,ville2,-1.2205128205128204,-0.9311775273558711,-1.1724137931034482
id614,ville2,-0.4512820512820511,0.18200228646088543,0.4827586206896552
id615,ville2,1.035897435897436,0.21074636616037914,1.103448275862069
id616,ville10,0.7282051282051284,0.08139800751265744,0.896551724137931
id617,ville2,1.2923076923076924,-0.18285154336109727,0.5517241379310345
id618,ville2,-0.04102564102564088,1.2644781969622736,0.41379310344827586
id619,ville20,-1.2717948717948717,-0.04762371386575184,-0.27586206896551724
id620,ville10,1.6,-0.19069083782459556,-0.06896551724137931
id621,ville16,1.2923076923076924,-0.0802874407969947,-0.27586206896551724
id622,ville13,1.035897435897436,-0.8710762698023842,-0.06896551724137931
id623,ville13,0.11282051282051296,-0.6907724971419237,-1.103448275862069
id624,ville2,-1.528205128205128,-0.07506124448799584,-0.27586206896551724
id625,ville19,-1.323076923076923,-1.6432467744569652,-1.4482758620689655
id626,ville2,-1.0153846153846153,1.1446023191246124,-0.20689655172413793
id627,ville10,-1.1179487179487178,-0.6937122325657356,-0.5517241379310345
id628,ville2,0.5230769230769232,-0.0848603625673687,-0.27586206896551724
id629,ville10,-0.964102564102564,0.2538624857096197,0.41379310344827586
id630,ville3,0.6769230769230771,1.2187489792585335,2.6206896551724137
id631,ville6,0.7794871794871796,0.3397680875387884,1.1724137931034482
id632,ville2,-0.4512820512820511,-0.27659643965376424,0.6896551724137931
id633,ville2,-1.2717948717948717,0.08531765474440657,-0.27586206896551724
id634,ville4,-1.169230769230769,-0.394512493875551,-0.6896551724137931
id635,ville6,0.6256410256410257,-0.32101910828025454,0.0
id636,ville2,-1.6307692307692305,0.4279601502531441,-0.3448275862068966
id637,ville2,0.7282051282051284,-0.2279274865262124,-1.4482758620689655
id638,ville13,1.0871794871794873,1.104752572268496,1.2413793103448276
id639,ville5,-0.7589743589743588,0.5066797321574394,0.20689655172413793
id640,ville2,-0.4512820512820511,1.4598072840111058,0.5517241379310345
id641,ville8,-0.246153846153846,-0.48172464478196936,0.27586206896551724
id642,ville3,1.035897435897436,-1.9845827208884532,-0.9655172413793104
id643,ville2,1.7025641025641027,-1.5236975338886165,0.27586206896551724
id644,ville10,-1.528205128205128,0.4753225543034463,0.896551724137931
id645,ville2,0.8820512820512822,-1.9091295116772822,-0.6896551724137931
id646,ville13,0.9846153846153848,0.01639719091948415,-0.06896551724137931
id647,ville2,-0.964102564102564,0.622962600032664,-0.6896551724137931
id648,ville2,-0.9128205128205127,1.2033970276008494,1.4482758620689655
id649,ville2,-0.04102564102564088,-2.5205944798301485,-1.793103448275862
id650,ville2,-0.246153846153846,0.060166585007349574,0.06896551724137931
id651,ville9,1.753846153846154,0.32310958680385454,0.6206896551724138
id652,ville14,-0.8102564102564102,1.4996570308672221,1.4482758620689655
id653,ville4,0.010256410256410402,0.48904131961456826,-0.20689655172413793
id654,ville9,0.5743589743589745,0.007904621917361009,-0.6896551724137931
id655,ville4,-0.09230769230769216,-0.9125592030050627,0.6896551724137931
id656,ville2,-0.04102564102564088,-0.8629103380695735,-0.3448275862068966
id657,ville2,-0.8615384615384614,1.184778703250041,1.7241379310344827
id658,ville6,-0.09230769230769216,-0.9876857749469212,-0.7586206896551724
id659,ville20,0.47179487179487195,1.244226686264903,1.1724137931034482
id660,ville10,0.26666666666666683,1.0433447656377595,1.5862068965517242
id661,ville11,-0.7076923076923075,0.2172791115466277,0.3448275862068966
id662,ville9,1.5487179487179488,-2.491523762861342,-1.793103448275862
id663,ville18,-0.04102564102564088,-2.719189939572105,-1.5172413793103448
id664,ville16,-0.605128205128205,0.9120365833741633,-0.27586206896551724
id665,ville4,-0.3487179487179486,0.4619304262616367,0.4827586206896552
id666,ville16,0.3179487179487181,0.6722848276988407,0.3448275862068966
id667,ville4,0.8307692307692309,-1.2591213457455492,-0.896551724137931
id668,ville6,1.6512820512820514,1.763253307202352,2.2758620689655173
id669,ville10,-0.5538461538461537,1.7534541891229791,0.6896551724137931
id670,ville2,0.21538461538461554,0.5386901845500573,1.5172413793103448
id671,ville2,0.5230769230769232,0.8666340029397357,1.4482758620689655
id672,ville2,0.47179487179487195,0.33911481300016355,0.6896551724137931
id673,ville2,-1.6307692307692305,0.29338559529642355,0.896551724137931
id674,ville2,1.0871794871794873,-0.3772007186019922,-0.4827586206896552
id675,ville2,-1.5794871794871794,-1.0513800424628448,-0.7586206896551724
id676,ville2,-0.09230769230769216,-0.842005552833578,-0.8275862068965517
id677,ville10,-1.0666666666666664,-0.5431324514127059,-0.4827586206896552
id678,ville2,-1.528205128205128,0.09185040013065515,1.2413793103448276
id679,ville5,-1.2205128205128204,0.7686428221460071,0.8275862068965517
id680,ville6,-1.5794871794871794,-0.7923566878980889,-0.6206896551724138
id681,ville9,-0.3487179487179486,-0.7378082639229133,-0.6206896551724138
id682,ville1,1.2410256410256413,0.24112363220643498,0.6206896551724138
id683,ville2,-0.605128205128205,-0.5493385595296421,-1.3793103448275863
id684,ville4,0.47179487179487195,0.39268332516740184,1.4482758620689655
id685,ville17,1.0871794871794873,2.3675322554303446,1.7241379310344827
id686,ville6,-1.323076923076923,-0.8632369753388859,-2.0689655172413794
id687,ville2,1.2923076923076924,1.2445533235342154,0.8275862068965517
id688,ville2,0.06153846153846169,-0.5666503348032008,-1.0344827586206897
id689,ville14,0.9846153846153848,-0.3298383145516901,-0.7586206896551724
id690,ville2,-1.323076923076923,0.3155969296096687,1.0344827586206897
id691,ville10,1.4974358974358977,-0.842005552833578,-0.06896551724137931
id692,ville2,-0.09230769230769216,1.3810877021068106,1.2413793103448276
id693,ville2,-0.39999999999999986,1.2850563449289567,1.4482758620689655
id694,ville2,-1.4256410256410255,0.37798464804834253,0.3448275862068966
id695,ville2,-1.2205128205128204,0.41946758125102096,0.6896551724137931
id696,ville2,-0.19487179487179473,0.7500244977951986,0.3448275862068966
id697,ville2,0.06153846153846169,0.40542217867058655,0.4827586206896552
id698,ville2,0.8307692307692309,-1.7193532582067612,-0.27586206896551724
id699,ville6,-1.1179487179487178,0.5148456638902501,-0.06896551724137931
id700,ville2,0.21538461538461554,-0.12177037399967312,0.06896551724137931
id701,ville2,-0.964102564102564,1.1246774456965543,1.1724137931034482
id702,ville9,1.2923076923076924,-0.8034623550547115,-0.4827586206896552
id703,ville2,-1.169230769230769,-0.5264739506777721,-1.2413793103448276
id704,ville5,-0.04102564102564088,-0.1534541891229787,0.6896551724137931
id705,ville2,1.394871794871795,2.292079046219174,2.0
id706,ville1,0.5230769230769232,-0.28214927323207556,-0.3448275862068966
id707,ville2,1.2410256410256413,-0.17958517066797297,1.103448275862069
id708,ville10,1.7025641025641027,-0.4693124285480971,0.06896551724137931
id709,ville18,-1.3743589743589741,-1.7141270618977622,-1.5172413793103448
id710,ville2,-1.169230769230769,-1.7134737873591375,-0.9655172413793104
id711,ville6,0.6256410256410257,-0.5124285480973376,0.13793103448275862
id712,ville3,0.06153846153846169,-0.9308508900865586,-1.5172413793103448
id713,ville18,-1.0666666666666664,0.9904295280091461,0.6206896551724138
id714,ville4,-0.5025641025641024,-0.9439163808590558,0.6206896551724138
id715,ville2,1.0871794871794873,0.22315858239425143,-0.27586206896551724
id716,ville2,-0.8615384615384614,-0.5045892536338393,-1.3103448275862069
id717,ville2,-1.2205128205128204,-0.17566552343622382,0.9655172413793104
id718,ville14,0.7282051282051284,-0.7345418912297891,-0.13793103448275862
id719,ville2,0.21538461538461554,-1.4952800914584352,0.06896551724137931
id720,ville3,-1.323076923076923,-0.010060427894822562,-0.27586206896551724
id721,ville6,-0.5538461538461537,0.9368610158419078,-0.7586206896551724
id722,ville6,-1.169230769230769,0.5622080679405522,-0.13793103448275862
id723,ville2,1.4461538461538463,-0.39843214110730013,-0.7586206896551724
id724,ville6,-1.1179487179487178,2.0578801241221627,0.9655172413793104
id725,ville6,1.5487179487179488,-0.9168054875061242,1.9310344827586208
id726,ville20,0.21538461538461554,0.2969786052588603,-0.20689655172413793
id727,ville2,-0.246153846153846,0.8166585007349341,1.6551724137931034
id728,ville2,1.6,-1.7258860035930097,0.3448275862068966
id729,ville10,0.8820512820512822,1.3284991017475096,0.6896551724137931
id730,ville2,0.47179487179487195,0.3041646251837337,-0.3448275862068966
id731,ville6,0.36923076923076936,0.8124122162338725,0.27586206896551724
id732,ville15,-0.19487179487179473,0.07551853666503372,0.8275862068965517
id733,ville2,0.6769230769230771,-0.5614241384942019,-0.6896551724137931
id734,ville18,0.010256410256410402,-0.6385105340519351,1.103448275862069
id735,ville4,-0.39999999999999986,-0.9857259513310467,0.27586206896551724
id736,ville9,0.5743589743589745,-0.1890576514780334,-0.06896551724137931
id737,ville11,-1.1179487179487178,1.3758615057978119,0.27586206896551724
id738,ville6,-1.2717948717948717,-0.8384125428711413,-0.6206896551724138
id739,ville14,-1.1179487179487178,1.0146006859382657,-0.27586206896551724
id740,ville2,0.47179487179487195,-0.3582557569818714,-0.13793103448275862
id741,ville11,0.47179487179487195,-1.1091948391311446,-0.896551724137931
id742,ville2,0.06153846153846169,0.18265556099951027,0.4827586206896552
id743,ville10,1.4974358974358977,1.1086722195002452,1.2413793103448276
id744,ville10,-1.0153846153846153,-0.5153682835211495,0.20689655172413793
id745,ville5,-1.2717948717948717,0.07682508574228343,-0.896551724137931
id746,ville6,0.06153846153846169,-0.4131308182263594,0.896551724137931
id747,ville6,-1.323076923076923,-0.6238118569328758,-1.3103448275862069
id748,ville4,-1.528205128205128,-1.149044585987261,-0.9655172413793104
id749,ville2,-1.2717948717948717,-0.1250367466927974,-0.896551724137931
id750,ville2,-0.605128205128205,0.24602319124612143,-0.7586206896551724
id751,ville4,1.753846153846154,0.40542217867058655,1.5172413793103448
id752,ville4,-0.29743589743589727,-0.013326800587946847,-1.0344827586206897
id753,ville5,1.4974358974358977,1.0913604442266864,1.0344827586206897
id754,ville2,-1.4769230769230768,-1.6203821656050954,-0.8275862068965517
id755,ville18,0.8307692307692309,-0.3184060101257551,-0.7586206896551724
id756,ville2,-1.2205128205128204,-1.494300179650498,-3.2413793103448274
id757,ville10,1.753846153846154,-0.22956067287277454,-0.20689655172413793
id758,ville13,-1.3743589743589741,0.04644781969622758,-1.0344827586206897
id759,ville2,-1.5794871794871794,0.6771843867385271,0.6206896551724138
id760,ville2,0.6256410256410257,-0.34780336436387366,-0.13793103448275862
id761,ville19,-0.29743589743589727,0.2643148783276174,-0.13793103448275862
id762,ville5,1.4974358974358977,-0.3438837171321245,-0.6896551724137931
id763,ville2,0.6769230769230771,2.006924710109424,0.6896551724137931
id764,ville5,-0.7589743589743588,-0.568283521149763,0.06896551724137931
id765,ville2,0.11282051282051296,1.4372693124285483,0.896551724137931
id766,ville2,0.8307692307692309,-0.5388861669116444,0.41379310344827586
id767,ville2,1.753846153846154,-0.5457455495672053,-0.6206896551724138
id768,ville2,-0.9128205128205127,1.6286787522456314,0.6896551724137931
id769,ville4,-1.4769230769230768,-0.8423321901028905,-1.2413793103448276
id770,ville10,-0.605128205128205,-0.7564265882737218,-0.8275862068965517
id771,ville10,1.6,0.4325330720235181,0.896551724137931
id772,ville11,0.6769230769230771,-1.5658337416299197,-1.3103448275862069
id773,ville13,0.9333333333333335,-0.13156949207904597,0.5517241379310345
id774,ville13,1.394871794871795,-0.45624693777559994,-1.3793103448275863
id775,ville6,1.753846153846154,-0.2635309488812671,-0.6896551724137931
id776,ville2,-0.9128205128205127,1.0864608851870001,1.5862068965517242
id777,ville10,-1.6307692307692305,-0.34061734443900027,-1.2413793103448276
id778,ville2,-1.528205128205128,1.0172137840927653,-1.4482758620689655
id779,ville2,-1.323076923076923,-0.9047199085415644,-1.2413793103448276
id780,ville2,-0.5025641025641024,-1.463269639065817,-0.3448275862068966
id781,ville9,-0.14358974358974344,-0.2883553813490117,-1.3793103448275863
id782,ville20,0.8820512820512822,1.4173444390004901,0.9655172413793104
id783,ville9,1.4974358974358977,0.8231912461211827,0.4827586206896552
id784,ville2,1.2923076923076924,-1.5099787685774944,-0.9655172413793104
id785,ville2,0.47179487179487195,-0.38863302302792724,-0.13793103448275862
id786,ville2,-0.19487179487179473,-1.5481953290870485,0.20689655172413793
id787,ville2,0.16410256410256424,0.1761228156132617,0.13793103448275862
id788,ville2,-0.5538461538461537,-0.45363383962110054,-0.4827586206896552
id789,ville2,-0.5538461538461537,-1.7409113179813815,-1.0344827586206897
id790,ville2,0.11282051282051296,0.4975338886166914,0.5517241379310345
id791,ville2,1.753846153846154,-1.1291197125592027,-0.4827586206896552
id792,ville10,-1.1179487179487178,0.19833414992650686,0.6206896551724138
id793,ville2,0.06153846153846169,0.5958517066797324,0.20689655172413793
id794,ville17,0.21538461538461554,-3.037661277151723,-2.6206896551724137
id795,ville2,0.8307692307692309,-0.0848603625673687,-0.9655172413793104
id796,ville1,0.06153846153846169,1.2690511187326476,-0.13793103448275862
id797,ville5,1.4974358974358977,2.1983341499265068,2.0689655172413794
id798,ville10,-0.9128205128205127,-0.0459905275191897,-0.7586206896551724
id799,ville2,-1.1179487179487178,0.24439000489955928,-1.2413793103448276
id800,ville2,-0.6564102564102563,-1.3208557896455984,0.20689655172413793
id801,ville2,0.7794871794871796,1.1508084272415484,1.2413793103448276
id802,ville2,-0.09230769230769216,-2.1861179160542217,-0.896551724137931
id803,ville2,1.6512820512820514,0.7082149273232078,1.4482758620689655
id804,ville1,-0.8615384615384614,-0.974620284174424,-1.9310344827586208
id805,ville19,-1.169230769230769,-1.6938755512003918,-1.5172413793103448
id806,ville2,0.5743589743589745,-0.5901682181936957,-1.2413793103448276
id807,ville3,0.010256410256410402,0.6536665033480322,0.20689655172413793
id808,ville6,-0.5538461538461537,-0.13810223746529454,0.20689655172413793
id809,ville14,1.035897435897436,0.8731667483259843,0.896551724137931
id810,ville2,-0.6564102564102563,1.267744569655398,-0.5517241379310345
id811,ville2,0.7794871794871796,1.939964069900376,1.103448275862069
id812,ville3,0.7794871794871796,-0.2220480156785887,0.7586206896551724
id813,ville2,-0.5025641025641024,1.4421688714682348,0.7586206896551724
id814,ville2,1.6,0.17514290380532443,0.4827586206896552
id815,ville2,-0.09230769230769216,0.5595949697860528,-0.27586206896551724
id816,ville2,1.2410256410256413,0.307430997876858,0.13793103448275862
id817,ville2,-0.8615384615384614,1.0877674342642498,-0.896551724137931
id818,ville2,-0.6564102564102563,-0.32591866731994096,-0.7586206896551724
id819,ville2,-0.5025641025641024,-1.1859545974195653,0.27586206896551724
id820,ville2,0.26666666666666683,2.3319287930752903,1.4482758620689655
id821,ville1,1.394871794871795,-0.6646415155969294,-0.3448275862068966
id822,ville2,1.4461538461538463,0.37700473624040526,0.41379310344827586
id823,ville2,-1.4256410256410255,1.241940225379716,1.0344827586206897
id824,ville2,0.11282051282051296,0.12059447983014886,0.13793103448275862
id825,ville10,1.18974358974359,1.7995100440960317,0.7586206896551724
id826,ville2,0.6256410256410257,-1.3345745549567203,-0.9655172413793104
id827,ville9,-0.605128205128205,1.8125755348685286,0.8275862068965517
id828,ville2,0.9846153846153848,-0.5663236975338883,-0.20689655172413793
id829,ville2,1.5487179487179488,0.3557733137350974,-0.06896551724137931
id830,ville10,-0.246153846153846,-0.7649191572758449,-1.7241379310344827
id831,ville21,-1.0666666666666664,-0.7776580107790296,0.20689655172413793
id832,ville2,0.3179487179487181,-0.21257553486852826,-1.3103448275862069
id833,ville18,0.8820512820512822,-0.37785399314061713,-0.5517241379310345
id834,ville10,-1.2717948717948717,0.03403560346235529,-1.1724137931034482
id835,ville1,-0.246153846153846,-1.4061081169361422,-1.3793103448275863
id836,ville18,-1.5794871794871794,0.36459252000653297,-0.8275862068965517
id837,ville3,1.035897435897436,-0.5800424628450104,-0.8275862068965517
id838,ville4,0.3179487179487181,-0.23544014372039826,-1.3103448275862069
id839,ville2,-1.0666666666666664,-0.6251184060101255,0.0
id840,ville5,-1.323076923076923,0.6118569328760414,-0.13793103448275862
id841,ville16,1.4974358974358977,-1.4583700800261308,-0.7586206896551724
id842,ville9,0.06153846153846169,0.5844194022537974,-0.9655172413793104
id843,ville2,0.26666666666666683,0.8235178833904951,-0.13793103448275862
id844,ville2,-0.39999999999999986,2.2930589580271112,2.0689655172413794
id845,ville12,0.8307692307692309,0.7405520169851383,-0.6206896551724138
id846,ville2,0.5230769230769232,-1.0601992487342804,-0.896551724137931
id847,ville2,-0.14358974358974344,-1.0928629756655233,1.1724137931034482
id848,ville11,-1.0666666666666664,-0.7645925200065325,-0.896551724137931
id849,ville2,-1.4256410256410255,0.20421362077413058,0.8275862068965517
id850,ville9,0.16410256410256424,0.7323860852523275,0.06896551724137931
id851,ville2,0.36923076923076936,-0.46408623223909823,1.1724137931034482
id852,ville2,1.394871794871795,0.6755512003919649,0.8275862068965517
id853,ville2,0.06153846153846169,0.5687408133268008,1.9310344827586208
id854,ville2,1.753846153846154,0.19702760084925713,0.6206896551724138
id855,ville2,1.3435897435897437,-1.0703250040829657,-1.3103448275862069
id856,ville14,-1.2717948717948717,-0.8488649354891391,-1.5862068965517242
id857,ville6,0.7794871794871796,-0.060689204638248985,1.2413793103448276
id858,ville2,-0.39999999999999986,1.1991507430997879,0.7586206896551724
id859,ville2,0.47179487179487195,-0.1648864935489137,0.0
id860,ville6,1.2410256410256413,-0.10739833414992626,-0.3448275862068966
id861,ville10,1.394871794871795,1.3428711415972565,1.2413793103448276
id862,ville2,-1.0153846153846153,-0.2004899559039684,-0.7586206896551724
id863,ville2,-1.2205128205128204,-0.5251674016005223,-0.41379310344827586
id864,ville2,-1.6307692307692305,0.17481626653601198,-0.4827586206896552
id865,ville10,1.6,-1.2418095704719907,-1.8620689655172413
id866,ville6,-1.5794871794871794,0.08564429201371901,-1.103448275862069
id867,ville2,0.06153846153846169,-0.5414992650661438,0.6896551724137931
id868,ville9,-1.2205128205128204,-0.34486362894006184,-0.8275862068965517
id869,ville2,0.11282051282051296,-0.07310142087212128,-1.4482758620689655
id870,ville2,-0.964102564102564,-0.0015678588926994195,-0.13793103448275862
id871,ville2,-1.169230769230769,-2.3125265392781316,-2.0689655172413794
id872,ville2,-0.5538461538461537,0.5377102727421201,2.0
id873,ville20,1.6,1.3853339866078722,2.4827586206896552
id874,ville19,0.6256410256410257,1.048244324677446,0.896551724137931
id875,ville18,-0.3487179487179486,-0.3249387555120037,-1.103448275862069
id876,ville18,1.2923076923076924,-1.1444716642168868,-2.206896551724138
id877,ville3,1.753846153846154,-0.07016168544830942,0.5517241379310345
id878,ville13,-0.605128205128205,0.5442430181283687,0.7586206896551724
id879,ville2,0.6769230769230771,-1.4443246774456964,-1.1724137931034482
id880,ville2,-1.528205128205128,-2.171419238935162,-1.103448275862069
id881,ville2,-0.7076923076923075,0.965931732810714,1.9310344827586208
id882,ville9,1.4461538461538463,-1.8362894006206105,-0.20689655172413793
id883,ville10,0.5743589743589745,-0.7783112853176545,0.0
id884,ville2,-1.323076923076923,0.4782622897272581,-0.06896551724137931
id885,ville2,-1.1179487179487178,2.5693940878654256,1.2413793103448276
id886,ville6,0.21538461538461554,-1.4129674995917032,-0.6896551724137931
id887,ville2,1.5487179487179488,-0.2370733300669604,-0.5517241379310345
id888,ville2,1.4974358974358977,-0.04239751755675299,1.0344827586206897
id889,ville2,0.11282051282051296,2.6644455332353423,1.5862068965517242
id890,ville10,1.7025641025641027,0.07845827208884558,-0.06896551724137931
id891,ville18,-0.5025641025641024,1.905667156622571,1.8620689655172413
id892,ville2,0.47179487179487195,-0.20473624040502997,-0.9655172413793104
id893,ville2,0.47179487179487195,-0.4461211824269147,-0.8275862068965517
id894,ville5,-1.0666666666666664,0.12190102890739857,0.06896551724137931
id895,ville5,-0.29743589743589727,-1.3943491752408947,-0.5517241379310345
id896,ville2,1.7025641025641027,-0.9125592030050627,-0.8275862068965517
id897,ville4,-1.4256410256410255,-1.281659317328107,-1.3793103448275863
id898,ville2,1.4974358974358977,-0.23217377102727396,0.4827586206896552
id899,ville5,-1.2717948717948717,-0.15084109096847925,0.3448275862068966
id900,ville11,1.5487179487179488,-1.9571451902662091,-0.4827586206896552
id901,ville11,1.4974358974358977,-1.2930916217540418,-0.20689655172413793
id902,ville13,1.6512820512820514,0.9639719091948393,1.0344827586206897
id903,ville8,1.035897435897436,-0.25830475257226826,0.9655172413793104
id904,ville2,-0.09230769230769216,0.3613261473134087,-0.3448275862068966
id905,ville5,-0.7076923076923075,-0.3598889433284335,-0.27586206896551724
id906,ville2,-1.2205128205128204,0.09772987097827886,0.06896551724137931
id907,ville1,-0.964102564102564,-0.7544667646578472,-0.9655172413793104
id908,ville3,0.26666666666666683,-0.3598889433284335,-0.5517241379310345
id909,ville6,-0.4512820512820511,-0.19657030867221925,-0.20689655172413793
id910,ville12,-0.3487179487179486,0.6546464151559696,0.13793103448275862
id911,ville4,-0.5538461538461537,-0.5117752735587128,-0.8275862068965517
id912,ville2,-0.5025641025641024,0.3936632369753391,-0.13793103448275862
id913,ville10,1.3435897435897437,-1.310076759758288,0.7586206896551724
id914,ville10,0.8307692307692309,-1.4557569818716314,-0.4827586206896552
id915,ville11,-0.246153846153846,0.4740160052261965,0.13793103448275862
id916,ville6,1.18974358974359,0.01868365180467115,0.06896551724137931
id917,ville4,0.010256410256410402,-0.6767270945614893,0.6896551724137931
id918,ville2,1.7025641025641027,1.9876531112199904,1.5172413793103448
id919,ville21,-0.6564102564102563,-0.7146170178017309,-0.06896551724137931
id920,ville1,-0.3487179487179486,0.9930426261636455,0.3448275862068966
id921,ville6,-1.169230769230769,0.5145190266209377,0.5517241379310345
id922,ville2,-0.5025641025641024,-0.26157112526539256,0.41379310344827586
id923,ville6,0.6256410256410257,1.8893352931569494,0.7586206896551724
id924,ville9,-0.5025641025641024,-0.6535358484403068,0.3448275862068966
id925,ville2,0.21538461538461554,-0.3879797484893024,0.27586206896551724
id926,ville1,0.010256410256410402,3.792977298709783,3.1724137931034484
id927,ville7,-0.14358974358974344,1.009374489629267,0.41379310344827586
id928,ville2,-0.7589743589743588,0.5128858402743756,0.06896551724137931
id929,ville6,0.5230769230769232,-0.1305895802711087,1.0344827586206897
id930,ville2,0.21538461538461554,-0.18513800424628427,0.13793103448275862
id931,ville1,-0.09230769230769216,-1.6327943818389676,-2.413793103448276
id932,ville6,1.7025641025641027,1.2399804017638414,0.5517241379310345
id933,ville16,-0.6564102564102563,-0.2325004082965864,-0.5517241379310345
id934,ville2,-1.4769230769230768,-0.6443900048995588,-1.4482758620689655
id935,ville2,1.3435897435897437,-0.625445043279438,0.3448275862068966
id936,ville3,-1.323076923076923,-0.5411726277968314,-0.7586206896551724
id937,ville2,-1.0153846153846153,0.19800751265719443,0.5517241379310345
id938,ville5,1.18974358974359,-1.1794218520333168,-0.41379310344827586
id939,ville2,0.5230769230769232,-0.7446676465784744,-1.7241379310344827
id940,ville2,0.9846153846153848,-0.19755022048015655,-1.3793103448275863
id941,ville9,0.36923076923076936,-1.089596602972399,-0.5517241379310345
id942,ville6,1.753846153846154,-0.09531275518536642,0.7586206896551724
id943,ville2,1.3435897435897437,0.3084109096847953,0.5517241379310345
id944,ville19,-0.246153846153846,-0.6806467417932384,-0.8275862068965517
id945,ville2,-0.14358974358974344,-0.41868365180467065,0.27586206896551724
id946,ville10,1.035897435897436,0.855528335783113,0.5517241379310345
id947,ville8,-0.7076923076923075,-0.5238608525232726,-1.9310344827586208
id948,ville4,-1.6307692307692305,0.4413522782949537,0.20689655172413793
id949,ville18,-1.2717948717948717,-0.34780336436387366,-0.20689655172413793
id950,ville4,-1.2717948717948717,-0.1524742773150414,-0.896551724137931
id951,ville2,1.2410256410256413,1.416364527192553,0.7586206896551724
id952,ville10,1.4461538461538463,0.09348358647721729,-1.0344827586206897
id953,ville2,-0.5538461538461537,0.7333659970602648,1.103448275862069
id954,ville15,-0.14358974358974344,-0.03129185040013042,0.6206896551724138
id955,ville3,1.6,-0.21518863302302768,0.7586206896551724
id956,ville12,-0.964102564102564,-0.5643638739180138,-1.5862068965517242
id957,ville2,0.11282051282051296,-0.14006206108116911,-0.13793103448275862
id958,ville12,-1.6307692307692305,-0.16129348358647697,-0.896551724137931
id959,ville2,1.035897435897436,0.8097991180793731,0.06896551724137931
id960,ville10,-1.323076923076923,-0.7214764004572919,-2.0
id961,ville9,-0.246153846153846,0.975077576351462,0.4827586206896552
id962,ville2,-0.7589743589743588,0.08401110566715686,-1.1724137931034482
id963,ville2,-1.2205128205128204,0.1705699820349504,1.1724137931034482
id964,ville2,0.5230769230769232,-0.6679078882900537,-1.1724137931034482
id965,ville2,-0.29743589743589727,0.9146496815286627,0.4827586206896552
id966,ville20,0.16410256410256424,0.517785399314062,0.5517241379310345
id967,ville6,1.2923076923076924,0.4380859056018294,-0.8275862068965517
id968,ville2,0.6256410256410257,1.0701290217213786,1.5862068965517242
id969,ville20,-1.1179487179487178,-0.44122162338722826,0.3448275862068966
id970,ville2,-1.2205128205128204,1.89880777396701,1.5862068965517242
id971,ville13,1.394871794871795,-0.05121672382818856,0.5517241379310345
id972,ville2,-1.0153846153846153,1.5058631389841584,1.103448275862069
id973,ville10,-1.323076923076923,0.9055038379879147,1.7241379310344827
id974,ville2,0.5743589743589745,-1.1657030867221947,-1.4482758620689655
id975,ville2,-1.3743589743589741,-1.1317328107137021,-0.8275862068965517
id976,ville11,-1.0666666666666664,-1.1692960966846315,-0.896551724137931
id977,ville3,-0.29743589743589727,0.6879634166258373,0.6206896551724138
id978,ville16,1.6512820512820514,0.3636126081985957,-0.20689655172413793
id979,ville6,1.0871794871794873,0.14901192226033014,1.3793103448275863
id980,ville2,-1.169230769230769,1.730589580271109,0.896551724137931
id981,ville11,-0.7589743589743588,-0.8936142413849418,-0.4827586206896552
id982,ville2,0.26666666666666683,-0.9811530295606726,0.06896551724137931
id983,ville10,0.36923076923076936,1.0257063530948884,0.6206896551724138
id984,ville6,0.4205128205128207,-0.3314715008982523,-1.3103448275862069
id985,ville17,-1.5794871794871794,0.48871468234525584,-0.13793103448275862
id986,ville9,0.010256410256410402,0.8529152376286137,1.6551724137931034
id987,ville2,-0.6564102564102563,-0.4588600359300994,-0.6206896551724138
id988,ville2,-1.2205128205128204,0.46029723991507454,1.3793103448275863
id989,ville11,-0.6564102564102563,0.11732810713702457,-0.8275862068965517
id990,ville2,0.7282051282051284,2.1235342152539607,0.3448275862068966
id991,ville10,-0.964102564102564,2.2773803691001144,1.6551724137931034
id992,ville6,0.36923076923076936,1.7165441776906747,2.3448275862068964
id993,ville13,-1.4769230769230768,0.21793238608525256,0.4827586206896552
id994,ville2,0.8820512820512822,-0.4732320757798462,-0.41379310344827586
id995,ville10,1.3435897435897437,-0.12340356034623527,0.27586206896551724
id996,ville5,-1.528205128205128,0.2659480646741796,-0.13793103448275862
id997,ville2,1.2923076923076924,0.7444716642168874,0.7586206896551724
id998,ville2,-1.4769230769230768,-0.18415809243834697,-0.896551724137931
id999,ville2,0.3179487179487181,-0.4088845337252978,0.41379310344827586
id1000,ville5,0.4205128205128207,1.293875551200392,0.4827586206896552
