salaire,depenses,prediction_depense
-1.524024171157929,-1.0344827586206895,-1.0357743263531078
0.01411073003429715,-1.7931034482758617,0.009374783683868614
-0.17697207251347355,-0.6206896551724138,-0.12046429666687065
-1.5063857586150575,-1.6551724137931034,-1.0237891804745778
1.802123142250531,0.4137931034482759,1.2243134603333503
0.30579781153029584,0.8275862068965517,0.20757358497140735
0.09054385105340544,0.0,0.06131041582416433
-1.194120529152376,0.20689655172413796,-0.8116077089954211
-1.134672546137514,-1.2413793103448276,-0.7712133284418577
-1.1186673199412052,-0.20689655172413796,-0.7603379182928216
-1.1405520169851378,-1.3793103448275863,-0.7752083770680344
-1.0500734933855949,-0.13793103448275862,-0.7137290176540945
-1.166682998530132,-1.2413793103448276,-0.7929641487399303
0.7549240568348851,-0.7586206896551724,0.5127509105821193
-0.007773967009635563,-0.3448275862068966,-0.0054956750913442605
-0.1420218846970437,0.5517241379310345,-0.09671595205570979
0.06277968316184901,0.27586206896551724,0.04244490842277486
-0.20114323044259327,-1.0344827586206895,-0.13688838546337442
0.7016821819369592,0.20689655172413796,0.4765735258006312
0.3113506451086071,0.0,0.21134668645168522
-1.0745712885840273,-1.0344827586206895,-0.7303750535964971
-0.3033806957373834,-1.3103448275862069,-0.2063578421296674
0.312003919647232,-0.27586206896551724,0.21179058074348264
0.2283847787032503,1.0344827586206895,0.15497211139341555
0.8483423158582397,-0.13793103448275862,0.5762277943091475
-0.3549893842887471,-0.9655172413793104,-0.24142549118166193
1.2135227829495348,0.8965517241379308,0.8243647034238936
0.17089661930426284,0.06896551724137931,0.11590941371524441
-0.3360444226686263,-0.27586206896551724,-0.22855255671953736
-1.0778376612771514,-0.4137931034482759,-0.7325945250554841
1.3245794545157603,2.9655172413793105,0.8998267330294513
-0.2311938592193367,-1.5862068965517242,-0.1573075228860548
0.490347868691818,0.7586206896551724,0.33297372240417267
-0.8380859056018289,-0.4137931034482759,-0.5696853199658386
0.8450759431651154,-0.13793103448275862,0.5740083228501605
-0.7629593336599704,-0.4827586206896552,-0.5186374764091377
-0.2782296260003264,0.20689655172413796,-0.18926791189546754
-0.9350971745876202,-0.4137931034482759,-0.6356036222977524
0.3734117262779685,0.6206896551724138,0.25351664417243813
-1.0536665033480317,-0.7586206896551724,-0.7161704362589802
1.5375469541074642,1.2413793103448276,1.0445362721554037
-0.5911481300016329,-0.8275862068965517,-0.4018932776664217
-1.6278948227992809,-2.2068965517241383,-1.106353518748894
-2.926604605585497,-2.6206896551724137,-1.9888153708421237
-0.3422505307855624,-0.6206896551724138,-0.23276955249161263
0.12026784256083645,-0.27586206896551724,0.08150760610094598
-0.15737383635472785,0.27586206896551724,-0.10714746791294869
-0.6345908868201859,-1.4482758620689655,-0.4314122480709488
-2.498709782786216,-2.2068965517241383,-1.6980646097148275
0.2538624857096197,-0.13793103448275862,0.1722839887735141
-0.24687244814633325,0.06896551724137931,-0.16796098588919237
-1.6974685611628284,-0.8965517241379308,-1.1536282608253172
-2.0780009799118075,-1.6551724137931034,-1.412196685797302
-1.0611791605422176,-0.9655172413793104,-0.7212752206146504
1.4385758615057982,1.862068965517241,0.9772862869480977
-1.604050302139474,0.20689655172413796,-1.0901513770982894
-0.7600195982361585,0.4137931034482759,-0.5166399520960494
0.12353421525396073,-0.20689655172413796,0.08372707755993299
-0.7022048015678587,-1.5172413793103448,-0.4773553072719796
0.15685121672382846,-0.7586206896551724,0.10636568644160035
0.9910828025477708,1.3103448275862069,0.6732186970668791
1.458500734933856,1.1724137931034482,0.990825062847918
0.9809570471990856,1.1724137931034482,0.6663383355440194
1.648930262943002,0.8965517241379308,1.1202202489068602
-0.29619467581251,-0.27586206896551724,-0.20147500491989603
1.6822472644128696,1.5862068965517242,1.1428588577885275
-0.6107463661603787,-0.7586206896551724,-0.4152101064203437
-0.3180793728564427,-1.1724137931034482,-0.2163454636951089
-1.0210027764167888,-0.27586206896551724,-0.6939757216691103
1.551265719418586,-0.13793103448275862,1.0538580522831489
0.01411073003429715,-0.20689655172413796,0.009374783683868614
-0.17370569982034925,-0.20689655172413796,-0.11824482520788365
0.8581414339376126,0.27586206896551724,0.5828862086861084
-1.6145026947574717,-0.27586206896551724,-1.0972536857670476
0.28521966356361284,-0.7586206896551724,0.19359091477978926
0.6863302302792751,2.1379310344827585,0.4661420099433924
-0.13026294300179628,0.06896551724137931,-0.08872585480335662
-1.3554793401927157,0.20689655172413796,-0.9212495990693786
0.8346235505471177,0.0,0.5669060141814021
0.4511513963743266,0.5517241379310345,0.3063400648963287
1.6737546954107465,1.0344827586206895,1.1370882319951612
0.14117262779683185,-0.27586206896551724,0.09571222343846274
0.7180140454025806,0.6896551724137931,0.4876708830955662
1.1383962110076762,2.4827586206896552,0.7733168598671927
-0.4869508410909682,-0.13793103448275862,-0.33109213812473653
0.3064510860689207,1.0344827586206895,0.20801747926320474
0.8277641678915567,0.20689655172413796,0.5622451241175294
2.038935162502041,2.6206896551724137,1.385225141109907
-1.2450759431651148,-1.5862068965517242,-0.8462314637556182
-0.492830311938592,-0.3448275862068966,-0.3350871867509132
1.7488812673526049,-0.13793103448275862,1.188136075551862
0.4109750122488978,0.4137931034482759,0.2790405659507886
0.2345908868201864,-0.27586206896551724,0.1591891071654908
-1.242136207741303,-1.0344827586206895,-0.8442339394425299
-0.25732484076433104,-0.13793103448275862,-0.1750632945579508
0.4452719255267029,-0.4137931034482759,0.30234501627015214
0.3727584517393437,-0.27586206896551724,0.25307274988064077
0.05918667319941229,-0.3448275862068966,0.040003489817889155
-1.036028090805161,-0.4827586206896552,-0.7041852903804507
0.2718275355218033,0.5517241379310345,0.1844910817979426
-1.6876694430834556,-0.6896551724137931,-1.1469698464483562
-0.046643802057814564,-0.4827586206896552,-0.031907385453289513
0.11732810713702455,1.1034482758620692,0.07951008178785766
2.096096684631717,1.3793103448275863,1.42406589164218
-0.6522292993630571,0.5517241379310345,-0.4433973939494785
0.6154499428384781,0.06896551724137931,0.41797947928337453
0.6455005716152216,1.3793103448275863,0.43839861670605496
0.3727584517393437,0.6896551724137931,0.25307274988064077
-0.060689204638248985,0.9655172413793104,-0.04145111272693359
0.7496978605258863,1.5172413793103448,0.5091997562477402
0.2541891229789321,-0.27586206896551724,0.17250593591941277
1.0168871468234528,0.8965517241379308,0.6907525215928765
0.4178343949044589,-1.5172413793103448,0.28370145601466135
-0.16651967989547584,0.3448275862068966,-0.11336198799811227
-0.646023191246121,-0.06896551724137931,-0.4391803981774033
0.8460558549730527,-0.7586206896551724,0.5746741642878566
1.2543524416135885,0.27586206896551724,0.8521080966612311
0.029462681691981293,-0.4137931034482759,0.01980629954110749
-0.0345582230932547,-1.1034482758620692,-0.023695341055037625
0.07943818389678288,-0.27586206896551724,0.053764212863608545
0.309717458762045,-0.27586206896551724,0.21023695072219173
-0.6515760248244322,0.20689655172413796,-0.44295349965768116
-1.3871631553160213,-1.3103448275862069,-0.9427784722215525
0.6886166911644621,-0.8965517241379308,0.4676956399646833
0.5546954107463664,0.4827586206896552,0.37669731014621644
0.6396211007675978,0.6896551724137931,0.43440356807987834
-0.3709946104850561,-0.20689655172413796,-0.2523009013306982
-0.26483749795851685,1.1724137931034482,-0.18016807891362085
-0.18938428874734586,-0.3448275862068966,-0.12889828821102126
0.9466601339212808,-0.06896551724137931,0.6430338852246561
0.12484076433121045,0.06896551724137931,0.08461486614352778
0.3750449126245307,-0.9655172413793104,0.25462637990193165
0.19474113996407014,0.6206896551724138,0.13211155536584948
-0.3595623060591211,0.3448275862068966,-0.24453275122424373
0.2447166421688717,-1.1724137931034482,0.1660694686883505
0.35740650008165953,-0.6206896551724138,0.24264123402340187
-0.0711415972562467,0.20689655172413796,-0.04855342139569198
-0.035211497631879564,0.06896551724137931,-0.024139235346835028
1.1103054058468074,0.4827586206896552,0.7542294053199045
-0.7348685284991016,-0.7586206896551724,-0.4995500218618496
-0.8377592683325165,-1.3793103448275863,-0.5694633728199399
0.231977788665687,-0.6206896551724138,0.15741352999830124
1.2213620774130332,1.0344827586206895,0.8296914349254624
-0.3798138167564917,-0.13793103448275862,-0.2582934742699631
-0.2743099787685773,-0.4137931034482759,-0.18660454614468316
0.1934345908868204,1.5172413793103448,0.13122376678225467
1.141335946431488,2.2068965517241383,0.775314384180281
-0.2380532418748977,0.6896551724137931,-0.1619684129499275
-0.4755185366650333,-0.20689655172413796,-0.3233239880182821
-0.2008165931732808,-0.7586206896551724,-0.13666643831747569
1.1142250530785565,1.1724137931034482,0.7568927710706889
0.09740323370896643,0.06896551724137931,0.06597130588803701
-0.18350481789972206,0.6896551724137931,-0.1249032395848446
-1.0582394251184055,-0.8965517241379308,-0.7192776963015619
-0.03161848766944285,-0.27586206896551724,-0.021697816741949334
0.6301486199575373,0.06896551724137931,0.427967100848816
-0.46996570308672203,-1.3793103448275863,-0.31955088653800423
-2.4082312591866732,-1.3793103448275863,-1.6365852503008878
-0.4278294953454187,-1.7241379310344829,-0.29091970471707196
-1.386183243508084,-1.0344827586206895,-0.9421126307838565
-1.6977951984321409,-1.1724137931034482,-1.1538502079712158
1.5156622570635312,0.9655172413793104,1.0296658133801908
-1.0641188959660297,-0.7586206896551724,-0.7232727449277389
0.9509064184223422,-0.20689655172413796,0.6459191981213391
-0.3657684141760573,-0.13793103448275862,-0.24874974699631908
0.4550710436060757,0.9655172413793104,0.30900343064711305
0.5099461048505637,-0.9655172413793104,0.3462905511580946
-1.5579944471664215,-2.827586206896552,-1.0588568295265726
0.3636126081985957,0.6896551724137931,0.24685822979547717
0.9048505634492898,0.6206896551724138,0.6146246505496225
-0.3425771680548748,0.27586206896551724,-0.23299149963751134
0.7065817409766457,0.0,0.4799027329891118
-0.13483586477217027,0.0,-0.09183311484593841
-1.686362894006206,-0.5517241379310345,-1.1460820578647615
1.5267679242201535,1.2413793103448276,1.0372120163407463
0.7467581251020744,1.0344827586206895,0.5072022319346519
1.2011105667156623,0.13793103448275862,0.8159307118797429
-0.2968479503511348,0.5517241379310345,-0.2019188992116934
-0.3801404540258041,-0.06896551724137931,-0.2585154214158618
-0.8733627306875712,-1.1034482758620692,-0.5936556117228982
2.1156949207904625,2.3448275862068964,1.4373827203961018
0.4175077576351464,-0.20689655172413796,0.2834795088687626
0.220545484239752,0.5517241379310345,0.14964537989184676
0.03730197615547958,0.13793103448275862,0.025133031042676286
-0.7093908214927321,0.5517241379310345,-0.482238144481751
0.20160052261963116,0.06896551724137931,0.1367724454297222
-1.002057814796668,-0.3448275862068966,-0.6811027872069857
-0.11883063857586125,1.7931034482758617,-0.08095770469690211
-0.25699820349501856,-1.1034482758620692,-0.17484134741205207
-0.8230605912134572,-0.06896551724137931,-0.5594757512544983
-0.11393107953617485,-0.6206896551724138,-0.07762849750842163
-1.3045239261799768,-1.4482758620689655,-0.8866258443091816
-0.4196635636126079,-0.4137931034482759,-0.2853710260696044
-0.140715335619794,-0.5517241379310345,-0.09582816347211501
-1.3822635962763348,-0.27586206896551724,-0.939449265033072
-0.12438347215417254,0.4137931034482759,-0.08473080617718001
-1.283292503674669,-1.4482758620689655,-0.8721992798257661
1.3314388371713215,-0.27586206896551724,0.9044876230933241
1.3428711415972563,0.20689655172413796,0.9122557731997785
-0.2576514780336434,-0.8965517241379308,-0.17528524170384946
0.23361097501224914,0.8275862068965517,0.15852326572779474
-0.9066797321574388,-0.9655172413793104,-0.6162942206045654
-0.2877021068103868,0.13793103448275862,-0.19570437912652983
-0.0528499101747507,-1.1034482758620692,-0.0361243812253648
-0.2681038706516411,-1.1034482758620692,-0.18238755037260782
0.8026130981544997,-0.27586206896551724,0.5451551938833294
-1.7788012412216232,-0.8965517241379308,-1.2088931001540935
0.18657520823125945,0.6896551724137931,0.126562876718382
-0.04991017475093885,0.13793103448275862,-0.03412685691227651
0.4684631716478853,0.3448275862068966,0.3181032636289598
0.4475583864118898,0.8965517241379308,0.3038986462914429
-0.2782296260003264,0.4137931034482759,-0.18926791189546754
-1.3881430671239583,-0.9655172413793104,-0.9434443136592485
-1.024922423648538,0.20689655172413796,-0.6966390874198947
0.929348358647722,1.5172413793103448,0.631270686492025
-1.194120529152376,-0.6206896551724138,-0.8116077089954211
0.8372366487016171,-0.3448275862068966,0.5686815913485916
0.9489465948064676,1.1034482758620692,0.6445875152459468
1.7413686101584194,1.7241379310344829,1.1830312911961922
0.5543687734770539,-0.4137931034482759,0.3764753630003177
-0.9720071860199246,-1.1034482758620692,-0.6606836497843054
-0.06787522456312241,-0.5517241379310345,-0.04633394993670498
-0.19951004409603112,-0.06896551724137931,-0.13577864973388093
-0.8485382982198266,-0.6206896551724138,-0.576787628634597
-1.5975175567532254,-1.2413793103448276,-1.0857124341803153
0.8607545320921121,1.4482758620689655,0.5846617858532981
-0.5908214927323205,0.7586206896551724,-0.40167133052052306
0.17775600195982386,0.4137931034482759,0.12057030377911711
-0.9644945288257388,-0.9655172413793104,-0.6555788654286353
-0.12993630573248385,-0.20689655172413796,-0.08850390765745793
-0.1227502858076104,0.0,-0.0836210704476865
-1.8081985954597417,-1.1034482758620692,-1.2288683432849763
0.0023517883390497232,-0.13793103448275862,0.001384686431515428
1.111611954924057,2.827586206896552,0.7551171939034993
0.11569492079046242,-0.4827586206896552,0.07840034605836418
-0.2494855463008327,-0.5517241379310345,-0.16973656305638196
1.8762698023844524,1.7241379310344829,1.2746954624523552
0.8940715335619797,0.8275862068965517,0.6073003947349653
-1.1059284664380202,-0.06896551724137931,-0.7516819796027722
0.3162502041482936,-0.20689655172413796,0.21467589364016576
-0.022799281398007274,0.3448275862068966,-0.01570524380268444
2.2669279764821164,1.0344827586206895,1.5401442489471995
0.2345908868201864,0.20689655172413796,0.1591891071654908
2.110142087212151,1.862068965517241,1.4336096189158238
1.9464968152866244,1.7931034482758617,1.3224140988205755
1.228221460068594,-0.06896551724137931,0.834352324989335
0.4230605912134577,0.6206896551724138,0.2872526103490405
0.6562796015025317,-0.6896551724137931,0.445722872520712
0.5514290380532421,0.0,0.3744778386872294
1.869737056998204,0.5517241379310345,1.2702565195343811
-0.15770047362404027,-0.27586206896551724,-0.10736941505884738
0.7176874081332683,-0.20689655172413796,0.48744893594966754
1.2109096847950354,-0.06896551724137931,0.822589126256704
0.2447166421688717,-0.3448275862068966,0.1660694686883505
0.2989384288747348,0.20689655172413796,0.20291269490753464
-1.2081659317328104,-1.1034482758620692,-0.8211514362690652
1.2432467744569655,-1.1724137931034482,0.844561893700675
-0.2341335946431485,-0.4827586206896552,-0.15930504719914307
1.4555609995100445,1.1724137931034482,0.9888275385348301
-0.4163971909194837,1.2413793103448276,-0.2831515546106175
1.4754858729381024,0.13793103448275862,1.0023663144346506
-0.5277804997550218,-0.9655172413793104,-0.358835531362074
1.4023191246121185,0.9655172413793104,0.9526501537533419
0.16959007022701314,1.3793103448275863,0.11502162513164961
0.6680385431977791,0.9655172413793104,0.4537129697730652
-0.8687898089171973,-1.5862068965517242,-0.5905483516803164
-1.537089661930426,-1.2413793103448276,-1.0446522121890556
-0.2279274865262124,0.20689655172413796,-0.15508805142706777
0.5275845173934348,-0.8965517241379308,0.3582756970366244
1.5401600522619634,-0.13793103448275862,1.0463118493225931
-0.3775273558713047,-0.8275862068965517,-0.25673984424867224
1.2308345582230935,0.7586206896551724,0.8361279021565247
0.2577821329413689,1.7931034482758617,0.17494735452429855
0.924775436877348,-0.13793103448275862,0.6281634264494431
-0.6492895639392452,-0.8965517241379308,-0.4413998696363902
0.3717785399314064,1.6551724137931034,0.25240690844294467
-0.17337906255103686,-0.6206896551724138,-0.11802287806198497
1.320333170014699,0.6896551724137931,0.8969414201327683
-0.02377919320594456,0.20689655172413796,-0.01637108524038054
-0.6466764657847458,-1.9310344827586208,-0.43962429246920065
-1.5642005552833576,-0.7586206896551724,-1.0630738252986478
-0.04435734117262756,0.0,-0.030353755431998614
0.810452392617998,-0.13793103448275862,0.5504819253848983
0.8738200228646091,-0.06896551724137931,0.593539671689246
1.3556099951004412,1.5862068965517242,0.9209117118898279
-1.315302956067287,0.5517241379310345,-0.8939501001238387
1.1788992324024177,1.5862068965517242,0.8008383059586316
1.2089498611791607,1.1724137931034482,0.8212574433813117
-0.7734117262779681,-1.1034482758620692,-0.5257397850778961
1.2942021884697046,0.3448275862068966,0.8791856484608723
-0.14463498285154314,0.3448275862068966,-0.0984915292228994
0.9090968479503514,0.4137931034482759,0.6175099634463056
-1.23233708966193,-1.3103448275862069,-0.8375755250655688
-1.4044749305895798,-0.13793103448275862,-0.9545416709541835
-0.2027764167891554,0.06896551724137931,-0.13799812119286792
0.2532092111709949,1.7931034482758617,0.17184009448171672
0.8953780826392294,0.6206896551724138,0.6081881833185602
-1.5491752408949857,-1.3103448275862069,-1.0528642565873074
-1.131732810713702,-0.7586206896551724,-0.7692158041287693
0.3910501388208397,0.4137931034482759,0.26550179005096797
-2.394512493875551,-1.7241379310344829,-1.627263470173142
-1.1493712232565734,-1.7241379310344829,-0.7812009500072993
1.4144047035766782,2.0,0.9608621981515938
-0.19167074963253286,1.1034482758620692,-0.13045191823231214
-0.4291360444226684,-0.20689655172413796,-0.29180749330066674
-0.37262779683161823,0.0,-0.2534106370601917
-0.3001143230442591,-0.20689655172413796,-0.2041383706706804
-2.0260656540911315,-1.1034482758620692,-1.3769070895994089
-1.0513800424628448,-1.4482758620689655,-0.7146168062376894
-0.16096684631716454,-0.5517241379310345,-0.10958888651783437
0.06669933039359814,-1.0344827586206895,0.04510827417355925
0.7843214110730037,0.27586206896551724,0.5327261537130024
0.9094234852196638,0.6896551724137931,0.6177319105922042
-0.6881593989874242,-1.2413793103448276,-0.4678115799983355
0.2499428384778705,1.7241379310344829,0.16962062302272968
-0.15182100277641655,-0.8965517241379308,-0.10337436643267078
-0.6528825739016819,0.6896551724137931,-0.44384128824127594
-0.31775273558713024,-0.3448275862068966,-0.21612351654921017
-0.5156949207904621,-0.9655172413793104,-0.35062348696382223
0.43416625837008027,0.13793103448275862,0.2947988133095963
-1.003037726604605,-1.7241379310344829,-0.6817686286446817
1.1756328597092929,0.9655172413793104,0.7986188344996443
-0.11621754042136186,0.3448275862068966,-0.07918212752971254
0.9992487342805816,1.7241379310344829,0.6787673757143466
0.4459252000653277,0.0,0.3027889105619495
0.083357831128532,-1.0344827586206895,0.056427578614392924
-0.11523762861342456,-0.4827586206896552,-0.07851628609201643
-0.2932549403886981,-0.6896551724137931,-0.1994774806068077
1.4846317164788505,0.27586206896551724,1.0085808345198142
-0.00810060427894799,0.6896551724137931,-0.005717622237242959
-0.4624530458925361,1.1724137931034482,-0.3144461021823341
0.5181120365833743,-0.27586206896551724,0.35183922980556204
0.7314061734443903,0.27586206896551724,0.49677071607741297
-1.1062551037073327,-0.4137931034482759,-0.7519039267486709
-0.6264249550873753,-0.8965517241379308,-0.4258635694234813
1.4441286950841092,1.5862068965517242,0.9810593884283754
0.5494692144373675,0.27586206896551724,0.37314615581183724
1.3229462681691984,0.20689655172413796,0.8987169972999579
-0.03161848766944285,0.5517241379310345,-0.021697816741949334
0.2140127388535034,0.20689655172413796,0.14520643697387273
0.9286950841090972,-0.6896551724137931,0.6308267922002276
-1.1510044096031355,-2.4827586206896552,-0.7823106857367929
-0.9445696553976808,-1.0344827586206895,-0.6420400895288148
-0.3128531765474438,0.4827586206896552,-0.21279430936072968
-0.043050792095377835,-0.6896551724137931,-0.02946596684840381
-2.14822799281398,-1.5172413793103448,-1.4599153221655226
-1.1686428221460066,-1.4482758620689655,-0.7942958316153226
0.7300996243671405,1.862068965517241,0.49588292749381807
0.2306712395884373,-0.06896551724137931,0.15652574141470646
-1.1660297239915072,-2.6206896551724137,-0.7925202544481329
-0.23021394741139944,-0.3448275862068966,-0.15664168144835872
-0.9210517720071858,-0.4827586206896552,-0.6260598950241083
0.31069737056998226,-0.20689655172413796,0.21090279215988783
0.1555446676465787,0.13793103448275862,0.10547789785800553
-1.4188469704393267,-0.9655172413793104,-0.9643073453737263
-1.0308018944961617,-0.8275862068965517,-0.7006341360460713
0.30579781153029584,0.9655172413793104,0.20757358497140735
0.15750449126245328,0.20689655172413796,0.10680958073339773
0.5478360280908054,1.3103448275862069,0.3720364200823438
0.6425608361914097,0.5517241379310345,0.43640109239296665
0.5083129185040015,0.4137931034482759,0.3451808154286011
1.7384288747346075,1.4482758620689655,1.181033766883104
-0.4634329577004734,-0.6896551724137931,-0.3151119436200302
0.3253960476890416,0.9655172413793104,0.22089041372532936
0.1258206761391477,0.4827586206896552,0.08528070758122387
-0.61629919973869,-0.7586206896551724,-0.4189832079006216
-0.7436877347705371,-0.6206896551724138,-0.5055425948011144
0.36001959823615903,-0.7586206896551724,0.2444168111905915
-0.004180957047198848,0.06896551724137931,-0.0030542564864585644
0.30612444879960826,0.4137931034482759,0.20779553211730603
-0.3216723828188794,1.1724137931034482,-0.21878688229999457
-0.17697207251347355,-0.7586206896551724,-0.12046429666687065
1.282443246774457,0.5517241379310345,0.8711955512085191
-1.1973869018455003,0.6896551724137931,-0.8138271804544082
-0.2383798791442101,-1.1724137931034482,-0.16219036009582616
-1.8536011758941693,-0.5517241379310345,-1.2597189965648956
0.4602972399150746,0.3448275862068966,0.3125545849814923
-0.10837824595786356,0.06896551724137931,-0.07385539602814374
1.5617181120365835,-0.13793103448275862,1.0609603609519072
-2.6349175240894978,-2.2758620689655173,-1.7906165695545846
-0.7338886166911642,-0.6206896551724138,-0.49888418042415344
0.03828188796341686,0.6896551724137931,0.02579887248037238
0.09152376286134273,-0.20689655172413796,0.06197625726186043
-0.8139147476727092,-0.27586206896551724,-0.5532612311693348
0.3890903152049651,1.3793103448275863,0.26417010717557576
0.13202678425608386,0.6206896551724138,0.08949770335329917
1.7070716968806143,1.7241379310344829,1.1597268408768286
-0.3481300016331861,0.0,-0.23676460111778921
-0.09139310795361727,-0.20689655172413796,-0.062314144441411354
-1.1516576841417605,0.13793103448275862,-0.7827545800285903
1.5195819042952805,0.4137931034482759,1.0323291791309752
0.2453699167074965,-0.4137931034482759,0.16651336298014788
0.8431161195492408,0.8965517241379308,0.5726766399747683
0.5481626653601178,-0.06896551724137931,0.37225836722824246
1.3739016821819372,0.4827586206896552,0.9333407520601551
-0.9938918830638572,-0.9655172413793104,-0.6755541085595183
1.2638249224236489,1.6551724137931034,0.8585445638922934
1.4375959496978608,0.13793103448275862,0.9766204455104015
-0.31971255920300484,-0.3448275862068966,-0.2174551994246024
1.596994937122326,0.8965517241379308,1.084930652708967
-0.9853993140617342,-1.3793103448275863,-0.6697834827661521
-1.1075616527845824,-1.0344827586206895,-0.7527917153322656
-0.5516250204148291,-1.3103448275862069,-0.3750376730126791
-0.6045402580434425,0.5517241379310345,-0.4109931106482684
0.7003756328597095,1.2413793103448276,0.47568573721703644
-0.7162502041482931,1.4482758620689655,-0.4868990345456237
-0.05154336109750099,-0.6896551724137931,-0.03523659264177
-0.7554466764657846,-2.1379310344827585,-0.5135326920534676
0.046447819696227584,-1.0344827586206895,0.03134755112783988
-0.554564755838641,-1.1034482758620692,-0.3770351973257674
2.4279601502531443,2.413793103448276,1.6495641918752588
-0.2119222603299034,-1.3103448275862069,-0.14421264127803152
-0.4931569492079044,-0.5517241379310345,-0.3353091338968119
1.1619140943981712,0.6206896551724138,0.7892970543718991
0.6389678262289731,1.0344827586206895,0.43395967378808104
-1.0464804834231582,0.9655172413793104,-0.7112875990492088
-2.498709782786216,-1.5172413793103448,-1.6980646097148275
1.8919483913114492,2.413793103448276,1.2853489254554928
-0.3562959333659968,0.27586206896551724,-0.2423132797652567
1.4601339212804183,1.862068965517241,0.9919347985774117
-0.7678588926996568,-1.3793103448275863,-0.5219666835976181
-0.2403397027600847,-1.9310344827586208,-0.1635220429712184
0.01868365180467115,0.5517241379310345,0.012482043726450408
-0.5777560019598234,-0.13793103448275862,-0.39279344468457505
0.3750449126245307,1.5862068965517242,0.25462637990193165
-1.4048015678588923,-0.6896551724137931,-0.9547636181000823
0.6513800424628452,0.9655172413793104,0.44239366533223146
-0.04076433121019085,-0.3448275862068966,-0.027912336827112923
-0.927257880124122,-1.1724137931034482,-0.6302768907961837
-0.11556426588273698,-0.8275862068965517,-0.07873823323791512
1.5009635799444718,0.7586206896551724,1.019678191814749
-0.9707006369426748,0.8275862068965517,-0.6597958612007105
-0.5708966193042624,-0.9655172413793104,-0.38813255462070234
0.9989220970112692,-0.13793103448275862,0.6785454285684479
0.90354401437204,0.9655172413793104,0.6137368619660276
-0.14136861015841884,0.20689655172413796,-0.0962720577639124
-1.3956557243181444,-0.7586206896551724,-0.9485490980149187
0.5115792911971259,1.4482758620689655,0.3474002868875881
1.4882247264412871,0.3448275862068966,1.0110222531247
0.5298709782786218,-0.8275862068965517,0.35982932705791526
-1.2983178180630408,0.13793103448275862,-0.8824088485371063
0.17318308018944986,0.27586206896551724,0.11746304373653532
0.9662583700800264,0.06896551724137931,0.6563507139785779
-2.3899395721051766,-1.1724137931034482,-1.62415621013056
1.7727257880124123,0.4827586206896552,1.2043382172024673
-0.5529315694920788,0.13793103448275862,-0.3759254615962739
0.9642985464641518,-0.5517241379310345,0.6550190311031858
-2.0038543197778864,-3.5172413793103448,-1.3618146836782974
-3.0817573085089007,-1.6551724137931034,-2.0942402651440064
1.1348032010452396,0.0,0.770875441262307
0.017050465458109006,-0.4137931034482759,0.01137230799695691
0.920202515106974,-0.4827586206896552,0.6250561664068613
1.185431977788666,0.5517241379310345,0.8052772488766055
2.2499428384778706,1.9310344827586208,1.5286029973604673
-0.8890413196145678,-2.413793103448276,-0.6043090747260357
-1.037987914421035,-1.5862068965517242,-0.7055169732558426
-0.08649354891393084,0.9655172413793104,-0.05898493725293086
0.7020088192062717,0.8275862068965517,0.47679547294652996
-1.7948064674179318,-0.13793103448275862,-1.2197685103031295
0.9378409276498452,1.2413793103448276,0.6370413122853912
0.5729870978278624,-0.06896551724137931,0.38912635031654363
-3.1261799771353913,-1.6551724137931034,-2.12442507698623
-1.6768904131961455,-1.6551724137931034,-1.139645590633699
0.6445206598072842,0.13793103448275862,0.4377327752683588
0.5893189612934838,2.6206896551724137,0.4002237076114786
0.2724808100604281,-0.7586206896551724,0.18493497608974
0.24569655397680895,-0.06896551724137931,0.1667353101260466
0.7111546627470197,1.2413793103448276,0.4830099930316935
1.7723991507431,1.0344827586206895,1.2041162700565686
-0.5326800587947083,0.6206896551724138,-0.36216473855055453
-0.08094071533561956,-0.3448275862068966,-0.05521183577265296
-0.6496162012085577,-1.1724137931034482,-0.44162181678228896
1.3905601829168708,1.2413793103448276,0.9446600565009886
1.3889269965703088,0.7586206896551724,0.9435503207714951
-0.8547444063367627,-0.6896551724137931,-0.5810046244066722
0.05526702596766315,0.5517241379310345,0.03734012406710476
-0.54770537318308,0.13793103448275862,-0.37237430726189474
-0.9713539114812998,0.6206896551724138,-0.660239755492508
1.0642495508737548,2.0,0.7229348577481878
-1.0275355218030375,-0.4827586206896552,-0.6984146645870843
0.08629756655234386,-0.27586206896551724,0.05842510292748122
-1.3355544667646575,-0.4137931034482759,-0.907710823169558
-0.2795361750775761,-0.6896551724137931,-0.19015570047906233
0.18592193369263454,0.8965517241379308,0.1261189824265846
1.2308345582230935,1.2413793103448276,0.8361279021565247
1.8066960640209049,1.1034482758620692,1.227420720375932
-0.24001306549077225,-0.4827586206896552,-0.16330009582531968
-0.9595949697860524,-0.5517241379310345,-0.6522496582401549
1.215155969296097,-0.27586206896551724,0.825474439153387
-1.2225379715825573,-0.06896551724137931,-0.830917110688608
-0.6048668953127551,-0.4137931034482759,-0.41121505779416717
-0.0414176057488157,0.8965517241379308,-0.028356231118910318
-0.10674505961130143,0.13793103448275862,-0.07274566029865025
-0.7560999510044094,-0.6896551724137931,-0.513976586345265
-0.4003919647231747,0.0,-0.27227614446158116
-0.5209211170994608,-0.6896551724137931,-0.3541746412982013
-0.015286624203821418,-0.20689655172413796,-0.010600459447014349
-0.08322717622080655,0.0,-0.05676546579394386
1.086460885187,0.7586206896551724,0.7380272636692993
-1.5504817899722356,-0.6206896551724138,-1.0537520451709024
0.3730850890086561,0.6206896551724138,0.25329469702653945
0.9652784582720892,1.862068965517241,0.655684872540882
0.12974032337089686,-0.13793103448275862,0.08794407333200827
1.9050138820839462,0.9655172413793104,1.2942268112914408
-2.0512167238281886,-1.6551724137931034,-1.393997019833609
-0.328205128205128,0.4827586206896552,-0.22322582521796858
-2.9978115302956065,-2.827586206896552,-2.0371998486480405
0.5680875387881761,1.4482758620689655,0.3857971431280632
0.9156295933365999,0.8275862068965517,0.6219489063642795
1.3817409766454354,0.7586206896551724,0.9386674835617238
0.698415809243835,1.0344827586206895,0.47435405434164424
-0.4813980075126569,-1.0344827586206895,-0.3273190366444586
-0.7231095868038541,0.3448275862068966,-0.4915599246094964
0.9433937612281564,0.4137931034482759,0.640814413765669
-0.821427404866895,-0.13793103448275862,-0.5583660155250049
0.11275518536665058,0.9655172413793104,0.07640282174527589
1.747901355544668,0.8965517241379308,1.1874702341141663
0.14117262779683185,0.20689655172413796,0.09571222343846274
-1.2084925690021229,-0.8275862068965517,-0.8213733834149639
-1.6334476563775924,-0.9655172413793104,-1.110126620229172
-0.47911154662747,0.06896551724137931,-0.32576540662316783
0.35152702923403584,1.3793103448275863,0.2386461853972253
1.0649028254123798,2.1379310344827585,0.7233787520399853
-0.7985627960150251,-0.9655172413793104,-0.5428297153120959
1.5751102400783932,0.7586206896551724,1.070060193933754
1.100179650498122,-0.4827586206896552,0.7473490437970448
-0.5290870488322715,-0.5517241379310345,-0.3597233199456688
-0.2909684795035111,-0.4827586206896552,-0.19792385058551681
-0.6130328270455656,-1.3103448275862069,-0.41676373644163456
0.32637595949697884,-0.06896551724137931,0.2215562551630254
1.6551363710599385,1.5862068965517242,1.1244372446789357
-0.9478360280908048,-0.6206896551724138,-0.6442595609878016
0.11144863628940084,0.4827586206896552,0.07551503316168108
0.5017801731177529,0.13793103448275862,0.34074187251062704
-0.0414176057488157,-0.5517241379310345,-0.028356231118910318
-0.4686591540094722,-0.4137931034482759,-0.3186630979544094
-1.007937285644292,-0.4827586206896552,-0.6850978358331625
-0.8433121019108278,-0.06896551724137931,-0.5732364743002178
0.090217213784093,1.2413793103448276,0.061088468678265624
-1.3603788992324022,-1.0344827586206895,-0.9245788062578593
-1.0337416299199735,-0.8965517241379308,-0.7026316603591596
-0.0665686754858727,0.8965517241379308,-0.04544616135311018
-0.5330066960640206,-1.2413793103448276,-0.36238668569645316
-1.0549730524252814,-2.1379310344827585,-0.7170582248425751
-0.5176547444063365,0.27586206896551724,-0.3519551698392143
-1.168969459415319,-0.5517241379310345,-0.7945177787612212
-0.10576514780336413,1.5862068965517242,-0.07207981886095415
0.11471500898252515,-0.6896551724137931,0.07773450462066808
2.5965049812183567,1.6551724137931034,1.7640889191589872
-0.06460885186999812,1.4482758620689655,-0.04411447847771798
2.8565082475910506,1.9310344827586208,1.9407588472943527
0.5145190266209377,0.9655172413793104,0.3493978112006764
0.16763024661113854,1.1034482758620692,0.11368994225625739
-1.7987261146496814,-1.0344827586206895,-1.2224318760539141
0.08237791932059471,-0.20689655172413796,0.05576173717669683
-0.5973542381185691,-1.4482758620689655,-0.40611027343849704
-0.6535358484403068,0.20689655172413796,-0.4442851825330733
0.4090151886330233,1.0344827586206895,0.27770888307539643
-0.0597092928303117,-1.0344827586206895,-0.04078527128923749
-1.5837987914421032,-1.1724137931034482,-1.0763906540525696
-1.6883227176220803,-1.7931034482758617,-1.1474137407401535
0.316576841417606,-0.5517241379310345,0.21489784078606444
0.3100440960313574,-0.8275862068965517,0.21045889786809044
1.1743263106320434,2.6206896551724137,0.7977310459160496
-0.3651151396374324,0.4827586206896552,-0.24830585270452163
0.0637595949697863,-0.13793103448275862,0.043110749860470955
-0.8730360934182588,-0.06896551724137931,-0.5934336645769994
-1.2035930099624366,-0.27586206896551724,-0.8180441762264835
1.1834721541727913,0.4137931034482759,0.8039455660012131
0.7078882900538954,0.06896551724137931,0.4807905215727066
1.7351625020414831,0.7586206896551724,1.1788142954241168
2.580173117752736,2.3448275862068964,1.7529915618640526
1.1540747999346728,2.896551724137931,0.7839703228703302
-1.85098807773967,-1.1724137931034482,-1.257943419397706
-0.7387881757308506,-0.5517241379310345,-0.5022133876126339
0.4593173281071373,-0.27586206896551724,0.3118887435437962
0.6350481789972238,0.4137931034482759,0.4312963080372965
-0.2494855463008327,-1.1034482758620692,-0.16973656305638196
1.4780989710926018,1.5172413793103448,1.00414189160184
0.11504164625183758,0.06896551724137931,0.07795645176656679
1.0466111383308838,0.8965517241379308,0.710949711869658
-1.3375142903805322,-0.6896551724137931,-0.9090425060449502
-1.9780499755022043,-0.5517241379310345,-1.3442808591523
-0.7835374816266534,-0.13793103448275862,-0.5326201466007557
-0.6659480646741791,-0.4137931034482759,-0.45271917407722395
2.15031847133758,2.1379310344827585,1.460909117861364
0.34238118569328785,0.0,0.2324316653120617
-0.6584354074799932,0.3448275862068966,-0.4476143897215538
0.6281887963416628,0.9655172413793104,0.42663541797342386
0.7281398007512659,1.3793103448275863,0.4945512446184259
-0.6166258370080023,1.3793103448275863,-0.4192051550465203
-0.32134574554956696,-0.06896551724137931,-0.21856493515409586
0.8708802874407973,0.20689655172413796,0.5915421473761577
2.47042299526376,1.5172413793103448,1.6784173208420896
-1.4061081169361422,-0.5517241379310345,-0.9556514066836772
0.8440960313571781,0.8275862068965517,0.5733424814124644
0.8258043442756821,-0.8275862068965517,0.5609134412421372
0.661832435080843,-0.3448275862068966,0.44949597400098995
0.7477380369100116,1.4482758620689655,0.507868073372348
-0.4016985138004244,-0.5517241379310345,-0.27316393304517594
-0.5196145680222111,-1.4482758620689655,-0.3532868527146065
-0.7590396864282212,0.13793103448275862,-0.5159741106583532
-0.4114976318797973,-0.27586206896551724,-0.279822347422137
0.9077902988731016,0.0,0.6166221748627106
-0.3546627470194347,0.3448275862068966,-0.24120354403576322
-0.9716805487506122,-0.3448275862068966,-0.6604617026384066
0.8957047199085418,0.8275862068965517,0.6084101304644589
-1.3130164951821002,-1.4482758620689655,-0.8923964701025479
-0.9102727421198756,-0.8275862068965517,-0.6187356392094512
0.19049485546300854,0.0,0.12922624246916636
0.6536665033480322,1.0344827586206895,0.4439472953535224
0.4060754532092114,0.8275862068965517,0.2757113587623081
-0.9311775273558712,-1.1724137931034482,-0.6329402565469681
0.18200228646088545,0.4827586206896552,0.12345561667580023
0.21074636616037914,1.1034482758620692,0.14298696551488577
0.08139800751265744,0.8965517241379308,0.055095895739000735
-0.18285154336109727,0.5517241379310345,-0.12445934529304725
1.2644781969622736,0.4137931034482759,0.8589884581840906
-0.047623713865751836,-0.27586206896551724,-0.0325732268909856
-0.1906908378245956,-0.06896551724137931,-0.12978607679461607
-0.0802874407969947,-0.27586206896551724,-0.054767941480855564
-0.8710762698023842,-0.06896551724137931,-0.5921019817016072
-0.6907724971419237,-1.1034482758620692,-0.4695871571655251
-0.07506124448799584,-0.27586206896551724,-0.05121678714647637
-1.6432467744569652,-1.4482758620689655,-1.116785034606133
1.1446023191246124,-0.20689655172413796,0.777533855639268
-0.6937122325657356,-0.5517241379310345,-0.47158468147861343
-0.0848603625673687,-0.27586206896551724,-0.057875201523437364
0.2538624857096197,0.4137931034482759,0.1722839887735141
1.2187489792585335,2.6206896551724137,0.8279158577582727
0.3397680875387884,1.1724137931034482,0.2306560881448721
-0.27659643965376424,0.6896551724137931,-0.18815817616597402
0.08531765474440657,-0.27586206896551724,0.05775926148978512
-0.394512493875551,-0.6896551724137931,-0.2682810958354046
-0.3210191082802545,0.0,-0.21834298800819713
0.4279601502531441,-0.3448275862068966,0.290581817537521
-0.2279274865262124,-1.4482758620689655,-0.15508805142706777
1.1047525722684959,1.2413793103448276,0.7504563038396265
0.5066797321574394,0.20689655172413796,0.3440710796991076
1.4598072840111058,0.5517241379310345,0.991712851431513
-0.4817246447819694,0.27586206896551724,-0.3275409837903574
-1.9845827208884528,-0.9655172413793104,-1.348719802070274
-1.5236975338886165,0.27586206896551724,-1.035552379207209
0.4753225543034463,0.8965517241379308,0.32276415369283246
-1.9091295116772824,-0.6896551724137931,-1.2974500113676748
0.01639719091948415,-0.06896551724137931,0.010928413705159512
0.6229626000326639,-0.6896551724137931,0.4230842636390446
1.2033970276008494,1.4482758620689655,0.8174843419010338
-2.5205944798301485,-1.7931034482758617,-1.7129350684900402
0.06016658500734956,0.06896551724137931,0.04066933125558525
0.3231095868038545,0.6206896551724138,0.21933678370403836
1.499657030867222,1.4482758620689655,1.0187904032311543
0.4890413196145682,-0.20689655172413796,0.33208593382057777
0.007904621917361009,-0.6896551724137931,0.005157787911793321
-0.9125592030050628,0.6896551724137931,-0.6202892692307421
-0.8629103380695735,-0.3448275862068966,-0.5865533030541398
1.184778703250041,1.7241379310344829,0.804833354584808
-0.9876857749469212,-0.7586206896551724,-0.671337112787443
1.2442266862649032,1.1724137931034482,0.8452277351383715
1.0433447656377597,1.5862068965517242,0.7087302404106712
0.2172791115466277,0.3448275862068966,0.14742590843285977
-2.491523762861342,-1.7931034482758617,-1.6931817725050557
-2.7191899395721046,-1.5172413793103448,-1.8478789331964494
0.9120365833741632,-0.27586206896551724,0.6195074877593938
0.4619304262616367,0.4827586206896552,0.31366432071098577
0.6722848276988407,0.3448275862068966,0.4565982826697483
-1.2591213457455492,-0.8965517241379308,-0.8557751910292622
1.7632533072023517,2.2758620689655173,1.1979017499714049
1.7534541891229791,0.6896551724137931,1.191243335594444
0.5386901845500573,1.5172413793103448,0.3658218999971801
0.8666340029397357,1.4482758620689655,0.5886568344794746
0.33911481300016355,0.6896551724137931,0.2302121938530747
0.29338559529642355,0.8965517241379308,0.19913959342725676
-0.3772007186019922,-0.4827586206896552,-0.2565178971027735
-1.0513800424628448,-0.7586206896551724,-0.7146168062376894
-0.842005552833578,-0.8275862068965517,-0.5723486857166229
-0.5431324514127059,-0.4827586206896552,-0.3692670472193129
0.09185040013065517,1.2413793103448276,0.06219820440775913
0.7686428221460071,0.8275862068965517,0.5220726907098647
-0.7923566878980889,-0.6206896551724138,-0.5386127195400205
-0.7378082639229133,-0.6206896551724138,-0.5015475461749378
0.24112363220643496,0.6206896551724138,0.16362805008346482
-0.5493385595296421,-1.3793103448275863,-0.37348404299138815
0.39268332516740173,1.4482758620689655,0.2666115257804614
2.3675322554303446,1.7241379310344829,1.6085039698839991
-0.8632369753388859,-2.0689655172413794,-0.5867752502000384
1.2445533235342154,0.8275862068965517,0.84544968228427
-0.5666503348032008,-1.0344827586206895,-0.38524724172401925
-0.3298383145516901,-0.7586206896551724,-0.22433556094746207
0.3155969296096687,1.0344827586206895,0.2142319993483683
-0.842005552833578,-0.06896551724137931,-0.5723486857166229
1.3810877021068106,1.2413793103448276,0.9382235892699264
1.2850563449289567,1.4482758620689655,0.8729711283757088
0.3779846480483425,0.3448275862068966,0.2566239042150199
0.41946758125102096,0.6896551724137931,0.2848111917441548
0.7500244977951986,0.3448275862068966,0.5094217033936388
0.40542217867058655,0.4827586206896552,0.2752674644705107
-1.7193532582067612,-0.27586206896551724,-1.16849871960053
0.5148456638902501,-0.06896551724137931,0.3496197583465751
-0.12177037399967312,0.06896551724137931,-0.08295522900999042
1.1246774456965545,1.1724137931034482,0.7639950797394475
-0.8034623550547115,-0.4827586206896552,-0.5461589225005764
-0.5264739506777721,-1.2413793103448276,-0.35794774277847924
-0.1534541891229787,0.6896551724137931,-0.10448410216216429
2.292079046219174,2.0,1.5572341791813997
-0.2821492732320756,-0.3448275862068966,-0.19193127764625198
-0.17958517066797294,1.1034482758620692,-0.12223987383406022
-0.4693124285480971,0.06896551724137931,-0.3191069922462068
-1.7141270618977622,-1.5172413793103448,-1.1649475652661507
-1.7134737873591377,-0.9655172413793104,-1.1645036709743537
-0.5124285480973376,0.13793103448275862,-0.34840401550483513
-0.9308508900865586,-1.5172413793103448,-0.6327183094010692
0.990429528009146,0.6206896551724138,0.6727748027750816
-0.9439163808590558,0.6206896551724138,-0.6415961952370173
0.22315858239425146,-0.27586206896551724,0.15142095705903638
-0.5045892536338393,-1.3103448275862069,-0.3430772840032663
-0.17566552343622382,0.9655172413793104,-0.11957650808327584
-0.7345418912297891,-0.13793103448275862,-0.49932807471595086
-1.4952800914584352,0.06896551724137931,-1.0162429775140223
-0.010060427894822562,-0.27586206896551724,-0.007049305112635157
0.9368610158419078,-0.7586206896551724,0.6363754708476951
0.5622080679405522,-0.13793103448275862,0.3818020945018865
-0.3984321411073001,-0.7586206896551724,-0.27094446158618896
2.0578801241221627,0.9655172413793104,1.398098075572032
-0.9168054875061242,1.9310344827586208,-0.6231745821274252
0.2969786052588603,-0.20689655172413796,0.20158101203214246
0.8166585007349341,1.6551724137931034,0.5546989211569735
-1.7258860035930097,0.3448275862068966,-1.172937662518504
1.3284991017475096,0.6896551724137931,0.9024900987802358
0.3041646251837337,-0.3448275862068966,0.20646384924191385
0.8124122162338725,0.27586206896551724,0.5518136082602905
0.07551853666503372,0.8275862068965517,0.051100847112824144
-0.5614241384942019,-0.6896551724137931,-0.38169608738964006
-0.6385105340519351,1.1034482758620692,-0.4340756138217332
-0.9857259513310468,0.27586206896551724,-0.6700054299120509
-0.1890576514780334,-0.06896551724137931,-0.12867634106512255
1.375861505797812,0.27586206896551724,0.9346724349355475
-0.8384125428711413,-0.6206896551724138,-0.5699072671117372
1.0146006859382657,-0.27586206896551724,0.6891988915715854
-0.3582557569818714,-0.13793103448275862,-0.24364496264064894
-1.1091948391311446,-0.8965517241379308,-0.7539014510617592
0.18265556099951027,0.4827586206896552,0.12389951096759759
1.1086722195002452,1.2413793103448276,0.753119669590411
-0.5153682835211495,0.20689655172413796,-0.35040153981792344
0.07682508574228343,-0.8965517241379308,0.051988635696418935
-0.4131308182263594,0.8965517241379308,-0.28093208315163043
-0.6238118569328758,-1.3103448275862069,-0.4240879922562917
-1.149044585987261,-0.9655172413793104,-0.7809790028614005
-0.1250367466927974,-0.8965517241379308,-0.08517470046897742
0.24602319124612146,-0.7586206896551724,0.16695725727194535
0.40542217867058655,1.5172413793103448,0.2752674644705107
-0.013326800587946849,-1.0344827586206895,-0.009268776571622154
1.0913604442266864,1.0344827586206895,0.7413564708577799
-1.6203821656050954,-0.8275862068965517,-1.1012487343932242
-0.3184060101257551,-0.7586206896551724,-0.21656741084100756
-1.494300179650498,-3.2413793103448274,-1.0155771360763262
-0.2295606728727745,-0.20689655172413796,-0.15619778715656127
0.046447819696227584,-1.0344827586206895,0.03134755112783988
0.6771843867385271,0.6206896551724138,0.4599274898582288
-0.3478033643638737,-0.13793103448275862,-0.23654265397189056
0.2643148783276174,-0.13793103448275862,0.1793862974422725
-0.3438837171321245,-0.6896551724137931,-0.23387928822110612
2.006924710109424,0.6896551724137931,1.363474320811835
-0.568283521149763,0.06896551724137931,-0.3863569774535128
1.4372693124285485,0.8965517241379308,0.9763984983645029
-0.5388861669116444,0.4137931034482759,-0.36638173432262977
-0.5457455495672053,-0.6206896551724138,-0.3710426243865025
1.6286787522456314,0.6896551724137931,1.1064595258611407
-0.8423321901028905,-1.2413793103448276,-0.5725706328625216
-0.7564265882737218,-0.8275862068965517,-0.5141985334911636
0.4325330720235181,0.8965517241379308,0.29368907758010276
-1.5658337416299195,-1.3103448275862069,-1.0641835610281412
-0.13156949207904595,0.5517241379310345,-0.08961364338695138
-0.4562469377756,-1.3793103448275863,-0.3102291064102588
-0.2635309488812671,-0.6896551724137931,-0.17928029033002604
1.086460885187,1.5862068965517242,0.7380272636692993
-0.3406173444390003,-1.2413793103448276,-0.2316598167621192
1.0172137840927653,-1.4482758620689655,0.6909744687387752
-0.9047199085415644,-1.2413793103448276,-0.6149625377291733
-1.463269639065817,-0.3448275862068966,-0.9944921572159495
-0.2883553813490117,-1.3793103448275863,-0.19614827341832722
1.41734443900049,0.9655172413793104,0.9628597224646819
0.8231912461211827,0.4827586206896552,0.5591378640749476
-1.5099787685774944,-0.9655172413793104,-1.0262305990794636
-0.3886330230279272,-0.13793103448275862,-0.26428604720922794
-1.5481953290870485,0.20689655172413796,-1.0521984151496113
0.1761228156132617,0.13793103448275862,0.1194605680496236
-0.4536338396211005,-0.4827586206896552,-0.3084535292430692
-1.7409113179813815,-1.0344827586206895,-1.1831472312298443
0.4975338886166914,0.5517241379310345,0.337856559613944
-1.1291197125592027,-0.4827586206896552,-0.7674402269615799
0.1983341499265069,0.6206896551724138,0.1345529739707352
0.5958517066797324,0.20689655172413796,0.4046626505294526
-3.037661277151723,-2.6206896551724137,-2.064277400447682
-0.0848603625673687,-0.9655172413793104,-0.057875201523437364
1.2690511187326476,-0.13793103448275862,0.8620957182266725
2.1983341499265068,2.0689655172413794,1.4935353483084728
-0.0459905275191897,-0.7586206896551724,-0.03146349116149211
0.2443900048995593,-1.2413793103448276,0.16584752154245183
-1.3208557896455984,0.20689655172413796,-0.8977232016041166
1.1508084272415484,1.2413793103448276,0.7817508514113432
-2.1861179160542217,-0.8965517241379308,-1.485661191089772
0.7082149273232078,1.4482758620689655,0.4810124687186052
-0.9746202841744241,-1.9310344827586208,-0.6624592269514951
-1.6938755512003918,-1.5172413793103448,-1.1511868422204317
-0.5901682181936957,-1.2413793103448276,-0.40122743622872564
0.6536665033480322,0.20689655172413796,0.4439472953535224
-0.13810223746529454,0.20689655172413796,-0.0940525863049254
0.8731667483259843,0.8965517241379308,0.5930957773974487
1.267744569655398,-0.5517241379310345,0.8612079296430777
1.939964069900376,1.1034482758620692,1.3179751559026016
-0.2220480156785887,0.7586206896551724,-0.1510930028008912
1.4421688714682348,0.7586206896551724,0.9797277055529833
0.17514290380532446,0.4827586206896552,0.11879472661192754
0.5595949697860528,-0.27586206896551724,0.38002651733469694
0.307430997876858,0.13793103448275862,0.20868332070090087
1.0877674342642498,-0.8965517241379308,0.7389150522528942
-0.32591866731994096,-0.7586206896551724,-0.22167219519667766
-1.185954597419565,0.27586206896551724,-0.8060590303479535
2.3319287930752903,1.4482758620689655,1.584311730981041
-0.6646415155969294,-0.3448275862068966,-0.45183138549362917
0.3770047362404053,0.4137931034482759,0.2559580627773239
1.2419402253797158,1.0344827586206895,0.8436741051170803
0.12059447983014886,0.13793103448275862,0.08172955324684468
1.7995100440960317,0.7586206896551724,1.2225378831661606
-1.3345745549567205,-0.9655172413793104,-0.9070449817318621
1.8125755348685288,0.8275862068965517,1.2314157690021088
-0.5663236975338883,-0.20689655172413796,-0.3850252945781205
0.3557733137350974,-0.06896551724137931,0.24153149829390838
-0.7649191572758449,-1.7241379310344829,-0.5199691592845298
-0.7776580107790296,0.20689655172413796,-0.5286250979745791
-0.21257553486852826,-1.3103448275862069,-0.1446565355698289
-0.3778539931406171,-0.5517241379310345,-0.25696179139457087
0.03403560346235529,-1.1724137931034482,0.022913559583689288
-1.4061081169361422,-1.3793103448275863,-0.9556514066836772
0.36459252000653297,-0.8275862068965517,0.24752407123317327
-0.5800424628450104,-0.8275862068965517,-0.39434707470586594
-0.23544014372039826,-1.3103448275862069,-0.16019283578273788
-0.6251184060101255,0.0,-0.42497578083988646
0.6118569328760414,-0.13793103448275862,0.41553806067848886
-1.4583700800261308,-0.7586206896551724,-0.9911629500274691
0.5844194022537974,-0.9655172413793104,0.3968945004229981
0.8235178833904951,-0.13793103448275862,0.5593598112208463
2.2930589580271112,2.0689655172413794,1.5579000206190958
0.7405520169851383,-0.6206896551724138,0.5029852361625766
-1.0601992487342804,-0.8965517241379308,-0.7206093791769543
-1.0928629756655233,1.1724137931034482,-0.7428040937668243
-0.7645925200065325,-0.8965517241379308,-0.5197472121386312
0.20421362077413055,0.8275862068965517,0.13854802259691176
0.7323860852523275,0.06896551724137931,0.497436557515109
-0.4640862322390982,1.1724137931034482,-0.31555583791182756
0.6755512003919649,0.8275862068965517,0.45881775412873527
0.5687408133268008,1.9310344827586208,0.3862410374198605
0.19702760084925716,0.6206896551724138,0.1336651853871404
-1.0703250040829655,-1.3103448275862069,-0.7274897406998139
-0.8488649354891391,-1.5862068965517242,-0.5770095757804957
-0.060689204638248985,1.2413793103448276,-0.04145111272693359
1.199150743099788,0.7586206896551724,0.8145990290043509
-0.1648864935489137,0.0,-0.11225225226861876
-0.10739833414992626,-0.3448275862068966,-0.07318955459044764
1.3428711415972563,1.2413793103448276,0.9122557731997785
-0.2004899559039684,-0.7586206896551724,-0.13644449117157703
-0.5251674016005223,-0.4137931034482759,-0.3570599541948844
0.17481626653601198,-0.4827586206896552,0.1185727794660288
-1.2418095704719907,-1.862068965517241,-0.8440119922966314
0.08564429201371901,-1.1034482758620692,0.05798120863568383
-0.5414992650661438,0.6896551724137931,-0.3681573114898194
-0.34486362894006184,-0.8275862068965517,-0.23454512965880225
-0.07310142087212128,-1.4482758620689655,-0.04988510427108418
-0.0015678588926994195,-0.13793103448275862,-0.0012786793192689674
-2.312526539278132,-2.0689655172413794,-1.571554736552569
0.5377102727421201,2.0,0.3651560585594841
1.3853339866078722,2.4827586206896552,0.9411089021666096
1.048244324677446,0.8965517241379308,0.7120594475991516
-0.3249387555120037,-1.1034482758620692,-0.22100635375898156
-1.1444716642168868,-2.2068965517241383,-0.7778717428188188
-0.07016168544830942,0.5517241379310345,-0.047887579957995884
0.5442430181283687,0.7586206896551724,0.36959500147745805
-1.4443246774456964,-1.1724137931034482,-0.9816192227538251
-2.1714192389351616,-1.1034482758620692,-1.47567356952433
0.9659317328107141,1.9310344827586208,0.6561287668326794
-1.8362894006206103,-0.20689655172413796,-1.2479557978322644
-0.7783112853176545,0.0,-0.5290689922663765
0.4782622897272581,-0.06896551724137931,0.3247616780059207
2.5693940878654256,1.2413793103448276,1.7456673060493955
-1.4129674995917032,-0.6896551724137931,-0.9603122967475499
-0.2370733300669604,-0.5517241379310345,-0.16130257151223137
-0.04239751755675299,1.0344827586206895,-0.029022072556606417
2.6644455332353423,1.5862068965517242,1.8102539255059171
0.07845827208884558,-0.06896551724137931,0.053098371425912436
1.9056671566225711,1.862068965517241,1.2946707055832383
-0.20473624040503,-0.9655172413793104,-0.13932980406826012
-0.4461211824269147,-0.8275862068965517,-0.3033487448873991
0.12190102890739855,0.06896551724137931,0.08261734183043946
-1.3943491752408947,-0.5517241379310345,-0.947661309431324
-0.9125592030050628,-0.8275862068965517,-0.6202892692307421
-1.281659317328107,-1.3793103448275863,-0.8710895440962727
-0.232173771027274,0.4827586206896552,-0.1579733643237509
-0.15084109096847925,0.3448275862068966,-0.10270852499497468
-1.9571451902662087,-0.4827586206896552,-1.3300762418147831
-1.2930916217540418,-0.20689655172413796,-0.8788576942027271
0.9639719091948392,1.0344827586206895,0.654797083957287
-0.25830475257226826,0.9655172413793104,-0.17572913599564685
0.3613261473134087,-0.3448275862068966,0.24530459977418625
-0.3598889433284335,-0.27586206896551724,-0.2447546983701424
0.09772987097827886,0.06896551724137931,0.06619325303393571
-0.7544667646578472,-0.9655172413793104,-0.5128668506157715
-0.3598889433284335,-0.5517241379310345,-0.2447546983701424
-0.19657030867221925,-0.20689655172413796,-0.13378112542079262
0.6546464151559696,0.13793103448275862,0.4446131367912185
-0.5117752735587128,-0.8275862068965517,-0.3479601212130377
0.3936632369753391,-0.13793103448275862,0.26727736721815754
-1.310076759758288,0.7586206896551724,-0.8903989457894594
-1.4557569818716314,-0.4827586206896552,-0.9893873728602796
0.4740160052261965,0.13793103448275862,0.3218763651092376
0.01868365180467115,0.06896551724137931,0.012482043726450408
-0.6767270945614893,0.6896551724137931,-0.4600434298918811
1.9876531112199904,1.5172413793103448,1.3503794392038115
-0.7146170178017309,-0.06896551724137931,-0.4857892988161302
0.9930426261636456,0.3448275862068966,0.6745503799422714
0.5145190266209377,0.5517241379310345,0.3493978112006764
-0.26157112526539256,0.4137931034482759,-0.17794860745463387
1.8893352931569491,0.7586206896551724,1.2835733482883027
-0.6535358484403068,0.3448275862068966,-0.4442851825330733
-0.3879797484893024,0.27586206896551724,-0.2638421529174306
3.792977298709783,3.1724137931034484,2.577081314585924
1.0093744896292671,0.4137931034482759,0.6856477372372064
0.5128858402743756,0.06896551724137931,0.3482880754711829
-0.1305895802711087,1.0344827586206895,-0.08894780194925532
-0.18513800424628427,0.13793103448275862,-0.12601297531433814
-1.6327943818389676,-2.413793103448276,-1.1096827259373747
1.2399804017638414,0.5517241379310345,0.8423424222416882
-0.2325004082965864,-0.5517241379310345,-0.1581953114696496
-0.6443900048995588,-1.4482758620689655,-0.43807066244790976
-0.6254450432794381,0.3448275862068966,-0.42519772798578526
-0.5411726277968314,-0.7586206896551724,-0.3679353643439207
0.19800751265719446,0.5517241379310345,0.1343310268248365
-1.1794218520333168,-0.4137931034482759,-0.8016200874299797
-0.7446676465784744,-1.7241379310344829,-0.5062084362388105
-0.19755022048015652,-1.3793103448275863,-0.1344469668584887
-1.089596602972399,-0.5517241379310345,-0.7405846223078373
-0.09531275518536643,0.7586206896551724,-0.06497751019219576
0.3084109096847953,0.5517241379310345,0.20934916213859694
-0.6806467417932384,-0.8275862068965517,-0.4627067956426654
-0.41868365180467065,0.27586206896551724,-0.28470518463190836
0.8555283357831129,0.5517241379310345,0.5811106315189187
-0.5238608525232726,-1.9310344827586208,-0.3561721656112896
0.4413522782949537,0.20689655172413796,0.2996816505193677
-0.3478033643638737,-0.20689655172413796,-0.23654265397189056
-0.1524742773150414,-0.8965517241379308,-0.10381826072446818
1.4163645271925533,0.7586206896551724,0.9621938810269863
0.09348358647721727,-1.0344827586206895,0.0633079401372526
0.7333659970602648,1.1034482758620692,0.4981023989528051
-0.03129185040013042,0.6206896551724138,-0.02147586959605063
-0.21518863302302768,0.7586206896551724,-0.1464321127370185
-0.5643638739180138,-1.5862068965517242,-0.38369361170272837
-0.14006206108116911,-0.13793103448275862,-0.09538426918031759
-0.16129348358647694,-0.8965517241379308,-0.10981083366373305
0.8097991180793731,0.06896551724137931,0.5500380310931009
-0.7214764004572919,-2.0,-0.49045018888000286
0.975077576351462,0.4827586206896552,0.6623432869178429
0.08401110566715686,-1.1724137931034482,0.05687147290619033
0.1705699820349504,1.1724137931034482,0.1156874665693457
-0.6679078882900537,-1.1724137931034482,-0.45405085695261616
0.9146496815286628,0.4827586206896552,0.6212830649265835
0.517785399314062,0.5517241379310345,0.3516172826596634
0.4380859056018294,-0.8275862068965517,0.2974621790603807
1.0701290217213786,1.5862068965517242,0.7269299063743644
-0.44122162338722826,0.3448275862068966,-0.30001953769891865
1.8988077739670102,1.5862068965517242,1.2900098155193656
-0.051216723828188565,0.5517241379310345,-0.035014645495871306
1.5058631389841584,1.1034482758620692,1.0230073990032298
0.9055038379879148,1.7241379310344829,0.6150685448414199
-1.1657030867221947,-1.4482758620689655,-0.7922983073022342
-1.131732810713702,-0.8275862068965517,-0.7692158041287693
-1.1692960966846315,-0.8965517241379308,-0.7947397259071199
0.6879634166258373,0.6206896551724138,0.4672517456728859
0.3636126081985957,-0.20689655172413796,0.24685822979547717
0.14901192226033014,1.3793103448275863,0.10103895494003154
1.730589580271109,0.8965517241379308,1.1757070353815349
-0.8936142413849418,-0.4827586206896552,-0.6074163347686176
-0.9811530295606726,0.06896551724137931,-0.666898169869469
1.0257063530948884,0.6206896551724138,0.6967450945321414
-0.3314715008982523,-1.3103448275862069,-0.2254452966769556
0.4887146823452558,-0.13793103448275862,0.3318639866746791
0.8529152376286137,1.6551724137931034,0.5793350543517292
-0.4588600359300994,-0.6206896551724138,-0.3120046835774484
0.4602972399150746,1.3793103448275863,0.3125545849814923
0.11732810713702455,-0.8275862068965517,0.07951008178785766
2.1235342152539607,0.3448275862068966,1.4427094518976706
2.2773803691001144,1.6551724137931034,1.547246557615958
1.716544177690675,2.3448275862068964,1.166163308107891
0.21793238608525256,0.4827586206896552,0.14786980272465716
-0.4732320757798462,-0.4137931034482759,-0.32177035799699116
-0.12340356034623527,0.27586206896551724,-0.08406496473948392
0.2659480646741796,-0.13793103448275862,0.18049603317176602
0.7444716642168874,0.7586206896551724,0.5056486019133609
-0.18415809243834694,-0.8965517241379308,-0.125347133876642
-0.4088845337252978,0.4137931034482759,-0.27804677025494734
1.293875551200392,0.4827586206896552,0.8789637013149736
